booking_id,date,branch,room,hours,status,customer
R00001,9/21,B01,2-01,4,done,C0347
R00002,2026-09-21,B01,2-03,2,취소,C0493
R00003,2026-09-21,B01,2-02,3,완료,C0484
R00004,2026-09-21,B01,2-01,2,완료,C0024
R00005,2026-09-21,B01,2-03,3,완료,C0019
R00006,2026-09-21,B01,2-04,2,완료,C0386
R00007,2026-09-21,B01,2-01,3,완료,C0048
R00008,2026-09-21,B02,3-02,1,완료,C0252
R00009,2026-09-21,B02,3-04,2,이용완료,C0525
R00010,2026-09-21,B02,3-03,3,done,C0111
R00011,2026-09-21,B02,3-03,2,이용완료,C0038
R00012,21일,B02,3-01,2,이용완료,C0349
R00013,2026-09-21,B02,3-03,2,완료,C0349
R00014,2026-09-21,B02,3-01,2,done,C0325
R00015,2026-09-21,B02,3-01,2,완료,C0317
R00016,21일,B03,1-01,1,no-show,C0547
R00017,9/21,B03,1-01,2,완료,C0353
R00018,2026-09-21,B03,1-04,3,done,C0150
R00019,2026-09-21,B03,1-01,3,취소,C0343
R00020,2026-09-21,B03,1-02,4,완료,C0136
R00021,2026-09-21,B03,1-04,1,이용완료,C0173
R00022,2026-09-21,B03,1-02,1,완료,C0431
R00023,21일,B03,1-04,4,done,C0174
R00024,2026-09-21,B03,1-04,3,완료,C0326
R00025,21일,B03,1-03,3,완료,C0414
R00026,9/21,B03,1-01,3,완료,C0545
R00027,2026-09-21,B03,1-04,2,완료,C0185
R00028,2026-09-21,B03,1-03,4,취소됨,C0562
R00029,2026-09-21,B04,2-03,4,완료,C0036
R00030,2026-09-21,B04,2-03,4,완료,C0288
R00031,2026-09-21,B04,2-03,2,완료,C0349
R00032,2026-09-21,B04,2-01,3,이용완료,C0561
R00033,2026-09-21,B04,2-03,2,완료,C0475
R00034,21일,B04,2-03,2,done,C0281
R00035,9/21,B04,2-04,2,이용완료,C0177
R00036,2026-09-21,B04,2-04,2,완료,C0343
R00037,2026-09-21,B04,2-02,2,완료,C0371
R00038,9/21,B04,2-04,2,완료,C0081
R00039,2026-09-21,B04,2-04,2,done,C0595
R00040,21일,B04,2-04,2,완료,C0567
R00041,2026-09-21,B04,2-03,1,이용완료,C0201
R00042,2026-09-21,B04,2-04,4,no-show,C0186
R00043,2026-09-21,B05,3-02,1,완료,C0483
R00044,2026-09-21,B05,3-02,1,완료,C0137
R00045,2026-09-21,B05,3-02,3,cancel,C0199
R00046,21일,B05,3-04,3,완료,C0360
R00047,2026-09-21,B05,3-01,4,완료,C0210
R00048,2026-09-21,B05,3-03,1,이용완료,C0359
R00049,2026-09-21,B05,3-03,3,이용완료,C0118
R00050,2026-09-21,B05,3-03,1,완료,C0564
R00051,21일,B05,3-01,2,이용완료,C0559
R00052,2026-09-21,B06,1-03,2,완료,C0133
R00053,2026-09-21,B06,1-03,3,완료,C0146
R00054,21일,B06,1-04,4,노쇼,C0489
R00055,2026-09-21,B06,1-02,4,완료,C0094
R00056,2026-09-21,B06,1-01,3,완료,C0111
R00057,9/21,B06,1-02,2,done,C0578
R00058,2026-09-21,B06,1-04,2,완료,C0506
R00059,2026-09-21,B06,1-04,3,이용완료,C0163
R00060,2026-09-21,B06,1-03,2,완료,C0509
R00061,2026-09-21,B06,1-01,2,이용완료,C0315
R00062,2026-09-21,B06,1-03,2,done,C0489
R00063,9/21,B06,1-04,2,취소,C0301
R00064,2026-09-21,B06,1-02,3,취소 ,C0014
R00065,2026-09-21,B06,1-03,2,이용완료,C0486
R00066,2026-09-21,B07,2-03,2,완료,C0293
R00067,2026-09-21,B07,2-04,4,done,C0122
R00068,2026-09-21,B07,2-02,2,취소,C0290
R00069,2026-09-21,B07,2-03,4,이용완료,C0304
R00070,9/21,B07,2-01,3,완료,C0359
R00071,2026-09-21,B07,2-02,1,완료,C0003
R00072,21일,B08,3-01,4,완료,C0196
R00073,2026-09-21,B08,3-04,4,cancel,C0590
R00074,2026-09-21,B08,3-04,3,완료,C0488
R00075,9/21,B08,3-02,2,완료,C0477
R00076,2026-09-21,B08,3-01,2,완료,C0004
R00077,2026-09-21,B08,3-04,4,완료,C0294
R00078,9/21,B08,3-04,2,완료,C0147
R00079,2026-09-21,B08,3-04,2,완료,C0551
R00080,2026-09-21,B08,3-01,1,완료,C0236
R00081,2026-09-21,B08,3-01,1,done,C0027
R00082,2026-09-21,B09,1-01,3,완료,C0499
R00083,2026-09-21,B09,1-01,2,취소 ,C0114
R00084,2026-09-21,B09,1-02,2,이용완료,C0449
R00085,2026-09-21,B09,1-02,3,취소,C0166
R00086,2026-09-21,B09,1-02,1,취소,C0569
R00087,21일,B09,1-04,1,취소,C0287
R00088,2026-09-21,B09,1-01,3,취소,C0138
R00089,2026-09-21,B09,1-01,2,취소,C0502
R00090,21일,B09,1-03,1,done,C0142
R00091,9/21,B09,1-02,4,이용완료,C0518
R00092,2026-09-21,B09,1-02,2,완료,C0065
R00093,2026-09-21,B10,2-03,4,완료,C0137
R00094,2026-09-21,B10,2-03,3,완료,C0399
R00095,2026-09-21,B10,2-01,2,완료,C0088
R00096,2026-09-21,B10,2-01,1,done,C0128
R00097,21일,B10,2-04,2,완료,C0400
R00098,2026-09-21,B10,2-04,2,이용완료,C0111
R00099,21일,B10,2-01,4,이용완료,C0394
R00100,9/21,B10,2-02,3,취소 ,C0229
R00101,21일,B10,2-01,3,완료,C0217
R00102,21일,B10,2-04,2,노쇼,C0241
R00103,21일,B10,2-03,3,완료,C0388
R00104,2026-09-21,B10,2-03,2,노쇼,C0444
R00105,21일,B10,2-03,4,완료,C0038
R00106,2026-09-21,B10,2-02,2,이용완료,C0406
R00107,2026-09-21,B11,3-01,2,취소,C0208
R00108,9/21,B11,3-04,3,노쇼,C0357
R00109,2026-09-21,B11,3-04,2,cancel,C0439
R00110,2026-09-21,B11,3-04,1,done,C0197
R00111,21일,B11,3-02,1,no-show,C0384
R00112,2026-09-21,B11,3-04,2,완료,C0566
R00113,2026-09-21,B11,3-03,2,완료,C0294
R00114,2026-09-21,B12,1-01,2,취소,C0378
R00115,2026-09-21,B12,1-01,1,done,C0468
R00116,2026-09-21,B12,1-02,1,완료,C0333
R00117,2026-09-21,B12,1-02,2,완료,C0035
R00118,2026-09-21,B12,1-01,4,완료,C0237
R00119,2026-09-21,B12,1-04,2,완료,C0320
R00120,2026-09-21,B12,1-03,2,완료,C0069
R00121,2026-09-21,B12,1-04,2,완료,C0247
R00122,21일,B12,1-02,1,done,C0441
R00123,2026-09-21,B13,2-01,3,취소,C0421
R00124,2026-09-21,B13,2-01,4,완료,C0532
R00125,9/21,B13,2-01,1,완료,C0243
R00126,2026-09-21,B13,2-04,1,done,C0483
R00127,2026-09-21,B13,2-02,1,취소,C0510
R00128,2026-09-21,B13,2-01,1,완료,C0262
R00129,2026-09-21,B13,2-04,2,완료,C0053
R00130,2026-09-21,B13,2-02,2,완료,C0521
R00131,2026-09-21,B13,2-02,4,이용완료,C0240
R00132,2026-09-21,B13,2-03,1,취소,C0089
R00133,9/21,B14,3-02,4,done,C0078
R00134,2026-09-21,B14,3-02,4,완료,C0018
R00135,21일,B14,3-03,3,완료,C0434
R00136,21일,B14,3-04,4,완료,C0136
R00137,21일,B14,3-03,3,완료,C0230
R00138,21일,B14,3-02,2,done,C0495
R00139,21일,B14,3-03,3,노쇼,C0321
R00140,9/21,B14,3-01,3,완료,C0251
R00141,2026-09-21,B14,3-04,4,완료,C0252
R00142,21일,B14,3-04,2,완료,C0050
R00143,2026-09-21,B14,3-03,2,완료,C0101
R00144,21일,B14,3-03,3,취소 ,C0570
R00145,2026-09-21,B14,3-03,2,취소,C0589
R00146,2026-09-21,B14,3-02,1,취소됨,C0049
R00147,9/21,B15,1-04,4,done,C0134
R00148,2026-09-21,B15,1-03,2,done,C0141
R00149,2026-09-21,B15,1-03,2,이용완료,C0035
R00150,2026-09-21,B15,1-01,1,취소,C0125
R00151,2026-09-21,B15,1-02,2,취소,C0447
R00152,2026-09-21,B15,1-01,2,done,C0541
R00153,21일,B15,1-03,2,완료,C0339
R00154,2026-09-21,B15,1-02,4,완료,C0168
R00155,9/21,B15,1-01,2,완료,C0544
R00156,2026-09-21,B15,1-02,3,완료,C0445
R00157,2026-09-21,B15,1-01,2,이용완료,C0325
R00158,2026-09-21,B15,1-02,3,완료,C0445
R00159,9/22,B01,2-02,4,완료,C0485
R00160,2026-09-22,B01,2-01,1,이용완료,C0130
R00161,2026-09-22,B01,2-04,1,done,C0213
R00162,9/22,B01,2-01,4,완료,C0242
R00163,2026-09-22,B01,2-03,3,완료,C0476
R00164,9/22,B01,2-03,2,완료,C0311
R00165,2026-09-22,B01,2-03,2,완료,C0376
R00166,2026-09-22,B01,2-02,1,완료,C0507
R00167,2026-09-22,B02,3-02,2,완료,C0502
R00168,22일,B02,3-01,2,done,C0407
R00169,2026-09-22,B02,3-03,2,취소,C0332
R00170,2026-09-22,B02,3-04,4,완료,C0094
R00171,2026-09-22,B02,3-04,1,완료,C0107
R00172,22일,B02,3-02,3,done,C0023
R00173,2026-09-22,B02,3-01,4,이용완료,C0320
R00174,2026-09-22,B02,3-04,4,done,C0409
R00175,2026-09-22,B02,3-01,4,완료,C0151
R00176,2026-09-22,B02,3-03,4,완료,C0021
R00177,9/22,B02,3-02,2,완료,C0294
R00178,2026-09-22,B02,3-01,2,취소,C0595
R00179,2026-09-22,B03,1-01,2,done,C0241
R00180,22일,B03,1-01,2,취소,C0360
R00181,2026-09-22,B03,1-02,3,이용완료,C0530
R00182,2026-09-22,B03,1-01,2,취소됨,C0351
R00183,2026-09-22,B03,1-04,3,이용완료,C0004
R00184,2026-09-22,B03,1-04,2,완료,C0542
R00185,2026-09-22,B03,1-03,3,완료,C0332
R00186,2026-09-22,B03,1-03,2,취소됨,C0103
R00187,2026-09-22,B03,1-03,2,완료,C0080
R00188,22일,B03,1-02,1,done,C0423
R00189,2026-09-22,B03,1-02,1,완료,C0584
R00190,2026-09-22,B03,1-04,3,완료,C0237
R00191,2026-09-22,B04,2-02,2,완료,C0429
R00192,2026-09-22,B04,2-03,2,이용완료,C0432
R00193,2026-09-22,B04,2-01,2,취소,C0577
R00194,22일,B04,2-02,3,완료,C0195
R00195,2026-09-22,B04,2-01,2,완료,C0079
R00196,2026-09-22,B04,2-04,2,취소,C0532
R00197,2026-09-22,B04,2-03,2,완료,C0480
R00198,2026-09-22,B04,2-02,4,완료,C0489
R00199,9/22,B04,2-01,2,완료,C0161
R00200,2026-09-22,B04,2-03,2,취소 ,C0377
R00201,22일,B04,2-01,4,완료,C0452
R00202,2026-09-22,B04,2-02,4,완료,C0595
R00203,2026-09-22,B05,3-01,2,완료,C0212
R00204,22일,B05,3-02,3,완료,C0086
R00205,2026-09-22,B05,3-04,3,완료,C0006
R00206,2026-09-22,B05,3-03,2,취소 ,C0004
R00207,2026-09-22,B05,3-03,1,완료,C0503
R00208,22일,B05,3-03,1,완료,C0120
R00209,9/22,B05,3-03,2,완료,C0352
R00210,2026-09-22,B06,1-04,1,취소,C0590
R00211,22일,B06,1-04,2,취소됨,C0065
R00212,2026-09-22,B06,1-01,2,이용완료,C0431
R00213,2026-09-22,B06,1-03,1,완료,C0150
R00214,22일,B06,1-01,4,이용완료,C0490
R00215,2026-09-22,B06,1-02,4,done,C0396
R00216,2026-09-22,B06,1-02,1,이용완료,C0464
R00217,2026-09-22,B06,1-01,1,이용완료,C0145
R00218,2026-09-22,B06,1-01,1,완료,C0257
R00219,2026-09-22,B06,1-04,4,완료,C0081
R00220,2026-09-22,B06,1-02,2,취소,C0454
R00221,2026-09-22,B06,1-01,2,취소 ,C0482
R00222,2026-09-22,B07,2-02,3,cancel,C0513
R00223,2026-09-22,B07,2-01,2,완료,C0025
R00224,2026-09-22,B07,2-04,3,완료,C0388
R00225,9/22,B07,2-02,2,취소 ,C0152
R00226,2026-09-22,B07,2-02,3,완료,C0079
R00227,2026-09-22,B07,2-02,3,완료,C0432
R00228,22일,B07,2-02,3,완료,C0373
R00229,2026-09-22,B07,2-01,2,완료,C0469
R00230,2026-09-22,B07,2-04,1,no-show,C0420
R00231,9/22,B07,2-02,1,완료,C0506
R00232,2026-09-22,B07,2-04,2,완료,C0480
R00233,9/22,B07,2-03,4,이용완료,C0032
R00234,2026-09-22,B07,2-04,1,취소,C0274
R00235,22일,B07,2-03,2,완료,C0220
R00236,22일,B08,3-01,2,이용완료,C0114
R00237,22일,B08,3-04,2,취소,C0311
R00238,2026-09-22,B08,3-04,4,완료,C0596
R00239,2026-09-22,B08,3-02,4,완료,C0144
R00240,2026-09-22,B08,3-01,3,완료,C0137
R00241,2026-09-22,B08,3-01,1,done,C0016
R00242,2026-09-22,B08,3-04,2,완료,C0517
R00243,2026-09-22,B08,3-02,2,완료,C0058
R00244,2026-09-22,B09,1-04,2,완료,C0022
R00245,2026-09-22,B09,1-04,3,완료,C0106
R00246,9/22,B09,1-03,4,완료,C0543
R00247,2026-09-22,B09,1-04,3,완료,C0310
R00248,2026-09-22,B09,1-01,3,완료,C0057
R00249,2026-09-22,B09,1-04,1,완료,C0526
R00250,2026-09-22,B09,1-03,3,완료,C0142
R00251,9/22,B09,1-01,3,완료,C0004
R00252,2026-09-22,B09,1-02,4,완료,C0465
R00253,22일,B09,1-01,1,취소,C0351
R00254,2026-09-22,B09,1-03,2,완료,C0270
R00255,2026-09-22,B09,1-04,2,이용완료,C0128
R00256,2026-09-22,B09,1-01,2,이용완료,C0398
R00257,2026-09-22,B09,1-02,2,노쇼,C0450
R00258,9/22,B10,2-01,2,완료,C0575
R00259,2026-09-22,B10,2-04,1,취소됨,C0507
R00260,2026-09-22,B10,2-01,1,완료,C0422
R00261,22일,B10,2-04,4,취소,C0591
R00262,2026-09-22,B10,2-01,1,완료,C0096
R00263,2026-09-22,B10,2-04,2,취소,C0538
R00264,2026-09-22,B10,2-01,2,완료,C0124
R00265,22일,B10,2-03,2,완료,C0465
R00266,2026-09-22,B11,3-03,4,완료,C0510
R00267,2026-09-22,B11,3-02,2,완료,C0270
R00268,2026-09-22,B11,3-02,3,done,C0091
R00269,2026-09-22,B11,3-01,3,노쇼,C0449
R00270,2026-09-22,B11,3-04,2,완료,C0202
R00271,9/22,B11,3-04,2,취소,C0515
R00272,2026-09-22,B11,3-03,1,완료,C0149
R00273,2026-09-22,B11,3-04,4,done,C0549
R00274,2026-09-22,B11,3-02,4,이용완료,C0246
R00275,2026-09-22,B11,3-04,4,done,C0258
R00276,2026-09-22,B12,1-01,2,완료,C0266
R00277,2026-09-22,B12,1-03,3,완료,C0089
R00278,2026-09-22,B12,1-01,1,완료,C0345
R00279,2026-09-22,B12,1-03,4,노쇼,C0184
R00280,2026-09-22,B12,1-04,2,취소 ,C0343
R00281,2026-09-22,B12,1-03,1,완료,C0419
R00282,2026-09-22,B12,1-01,2,done,C0066
R00283,2026-09-22,B12,1-03,3,완료,C0419
R00284,9/22,B12,1-03,1,취소,C0185
R00285,2026-09-22,B12,1-01,4,취소됨,C0417
R00286,2026-09-22,B12,1-04,1,완료,C0232
R00287,2026-09-22,B13,2-03,1,cancel,C0524
R00288,22일,B13,2-03,1,done,C0478
R00289,2026-09-22,B13,2-02,2,완료,C0118
R00290,2026-09-22,B13,2-01,1,완료,C0556
R00291,2026-09-22,B13,2-01,2,완료,C0314
R00292,2026-09-22,B13,2-04,1,완료,C0215
R00293,2026-09-22,B13,2-02,3,완료,C0186
R00294,22일,B13,2-03,4,done,C0073
R00295,2026-09-22,B13,2-01,3,노쇼,C0314
R00296,22일,B13,2-03,2,done,C0171
R00297,2026-09-22,B13,2-03,3,이용완료,C0482
R00298,22일,B13,2-01,2,완료,C0208
R00299,22일,B14,3-01,3,완료,C0240
R00300,2026-09-22,B14,3-02,1,완료,C0458
R00301,9/22,B14,3-04,2,완료,C0494
R00302,2026-09-22,B14,3-03,2,노쇼,C0054
R00303,9/22,B14,3-01,2,완료,C0025
R00304,2026-09-22,B14,3-04,3,이용완료,C0534
R00305,2026-09-22,B14,3-03,4,이용완료,C0342
R00306,2026-09-22,B14,3-03,2,취소됨,C0537
R00307,2026-09-22,B14,3-04,2,완료,C0132
R00308,22일,B14,3-02,1,완료,C0002
R00309,2026-09-22,B14,3-02,2,완료,C0428
R00310,2026-09-22,B14,3-04,4,완료,C0473
R00311,2026-09-22,B14,3-03,4,완료,C0015
R00312,2026-09-22,B15,1-01,4,완료,C0495
R00313,2026-09-22,B15,1-03,1,완료,C0233
R00314,9/22,B15,1-04,1,완료,C0208
R00315,2026-09-22,B15,1-02,4,노쇼,C0244
R00316,2026-09-22,B15,1-04,1,완료,C0395
R00317,2026-09-22,B15,1-02,2,완료,C0011
R00318,2026-09-22,B15,1-02,4,완료,C0069
R00319,2026-09-22,B15,1-03,3,완료,C0597
R00320,2026-09-23,B01,2-01,2,완료,C0571
R00321,2026-09-23,B01,2-04,1,이용완료,C0267
R00322,23일,B01,2-01,2,이용완료,C0436
R00323,2026-09-23,B01,2-01,2,취소 ,C0195
R00324,9/23,B01,2-04,3,취소,C0481
R00325,2026-09-23,B01,2-01,1,완료,C0477
R00326,2026-09-23,B01,2-02,1,이용완료,C0455
R00327,2026-09-23,B01,2-02,1,완료,C0349
R00328,2026-09-23,B01,2-03,1,완료,C0177
R00329,2026-09-23,B01,2-01,1,완료,C0439
R00330,2026-09-23,B02,3-04,3,완료,C0171
R00331,2026-09-23,B02,3-01,3,done,C0193
R00332,2026-09-23,B02,3-04,3,완료,C0151
R00333,2026-09-23,B02,3-01,2,완료,C0467
R00334,2026-09-23,B02,3-02,2,완료,C0095
R00335,2026-09-23,B02,3-04,3,이용완료,C0575
R00336,2026-09-23,B03,1-02,2,완료,C0597
R00337,23일,B03,1-01,2,done,C0547
R00338,2026-09-23,B03,1-02,2,완료,C0097
R00339,2026-09-23,B03,1-04,2,완료,C0148
R00340,2026-09-23,B03,1-02,1,완료,C0558
R00341,2026-09-23,B03,1-04,1,노쇼,C0007
R00342,2026-09-23,B03,1-04,2,이용완료,C0082
R00343,2026-09-23,B03,1-03,1,done,C0060
R00344,2026-09-23,B03,1-03,3,완료,C0272
R00345,2026-09-23,B03,1-04,2,이용완료,C0550
R00346,2026-09-23,B03,1-04,3,이용완료,C0573
R00347,2026-09-23,B03,1-01,2,done,C0492
R00348,9/23,B03,1-01,4,완료,C0496
R00349,2026-09-23,B04,2-03,1,취소,C0083
R00350,23일,B04,2-04,2,이용완료,C0329
R00351,23일,B04,2-01,2,완료,C0127
R00352,2026-09-23,B04,2-01,1,완료,C0042
R00353,2026-09-23,B04,2-04,2,완료,C0454
R00354,23일,B04,2-04,2,done,C0461
R00355,9/23,B04,2-02,2,이용완료,C0094
R00356,23일,B04,2-01,3,완료,C0299
R00357,9/23,B04,2-02,2,이용완료,C0435
R00358,2026-09-23,B05,3-02,2,완료,C0107
R00359,2026-09-23,B05,3-01,3,완료,C0336
R00360,2026-09-23,B05,3-04,1,취소,C0234
R00361,2026-09-23,B05,3-03,2,완료,C0471
R00362,2026-09-23,B05,3-03,4,완료,C0520
R00363,2026-09-23,B05,3-04,3,취소,C0202
R00364,9/23,B05,3-04,3,완료,C0127
R00365,2026-09-23,B06,1-03,1,취소,C0314
R00366,9/23,B06,1-04,4,완료,C0111
R00367,2026-09-23,B06,1-04,2,no-show,C0313
R00368,2026-09-23,B06,1-01,4,취소,C0049
R00369,2026-09-23,B06,1-01,2,취소,C0300
R00370,2026-09-23,B06,1-02,1,완료,C0444
R00371,2026-09-23,B06,1-02,2,완료,C0541
R00372,2026-09-23,B06,1-04,3,완료,C0474
R00373,2026-09-23,B07,2-04,2,done,C0091
R00374,2026-09-23,B07,2-03,2,no-show,C0349
R00375,9/23,B07,2-01,3,완료,C0412
R00376,2026-09-23,B07,2-03,2,완료,C0149
R00377,23일,B07,2-04,2,done,C0285
R00378,9/23,B07,2-04,1,완료,C0412
R00379,2026-09-23,B08,3-02,3,완료,C0529
R00380,2026-09-23,B08,3-03,3,완료,C0037
R00381,23일,B08,3-02,3,완료,C0250
R00382,2026-09-23,B08,3-01,1,이용완료,C0568
R00383,23일,B08,3-03,2,done,C0356
R00384,2026-09-23,B08,3-01,1,이용완료,C0201
R00385,2026-09-23,B08,3-03,3,완료,C0539
R00386,2026-09-23,B08,3-02,2,완료,C0322
R00387,2026-09-23,B08,3-04,1,완료,C0034
R00388,2026-09-23,B08,3-02,1,완료,C0320
R00389,2026-09-23,B08,3-01,1,노쇼,C0599
R00390,2026-09-23,B09,1-03,3,완료,C0174
R00391,23일,B09,1-03,1,완료,C0401
R00392,2026-09-23,B09,1-04,1,no-show,C0313
R00393,2026-09-23,B09,1-02,1,완료,C0571
R00394,2026-09-23,B09,1-01,2,완료,C0497
R00395,2026-09-23,B09,1-03,1,취소,C0469
R00396,2026-09-23,B09,1-01,2,취소,C0328
R00397,23일,B09,1-04,1,완료,C0002
R00398,2026-09-23,B09,1-03,4,완료,C0403
R00399,2026-09-23,B09,1-03,2,완료,C0598
R00400,9/23,B09,1-02,1,이용완료,C0599
R00401,23일,B10,2-01,4,완료,C0310
R00402,23일,B10,2-02,2,cancel,C0393
R00403,2026-09-23,B10,2-02,2,완료,C0142
R00404,2026-09-23,B10,2-02,1,완료,C0499
R00405,2026-09-23,B10,2-04,2,완료,C0261
R00406,2026-09-23,B10,2-02,4,취소,C0477
R00407,2026-09-23,B10,2-01,2,이용완료,C0582
R00408,2026-09-23,B10,2-01,2,완료,C0015
R00409,2026-09-23,B10,2-02,2,done,C0389
R00410,2026-09-23,B11,3-03,2,완료,C0199
R00411,23일,B11,3-02,1,done,C0022
R00412,2026-09-23,B11,3-02,2,done,C0560
R00413,2026-09-23,B11,3-03,2,취소됨,C0284
R00414,2026-09-23,B11,3-03,1,완료,C0361
R00415,23일,B11,3-01,4,완료,C0250
R00416,2026-09-23,B11,3-02,2,취소,C0388
R00417,2026-09-23,B11,3-03,1,완료,C0492
R00418,2026-09-23,B11,3-02,3,완료,C0489
R00419,2026-09-23,B11,3-01,3,완료,C0046
R00420,9/23,B12,1-03,2,done,C0516
R00421,2026-09-23,B12,1-03,3,이용완료,C0167
R00422,2026-09-23,B12,1-02,4,완료,C0063
R00423,2026-09-23,B12,1-02,3,완료,C0504
R00424,2026-09-23,B12,1-02,3,완료,C0493
R00425,23일,B12,1-04,4,완료,C0245
R00426,2026-09-23,B12,1-03,2,done,C0151
R00427,2026-09-23,B12,1-04,3,노쇼,C0553
R00428,2026-09-23,B12,1-01,2,완료,C0015
R00429,9/23,B13,2-02,1,done,C0048
R00430,9/23,B13,2-01,3,완료,C0452
R00431,2026-09-23,B13,2-01,1,이용완료,C0342
R00432,2026-09-23,B13,2-04,4,완료,C0533
R00433,2026-09-23,B13,2-03,2,완료,C0168
R00434,9/23,B13,2-04,4,done,C0331
R00435,2026-09-23,B13,2-03,1,취소됨,C0512
R00436,2026-09-23,B13,2-02,2,done,C0562
R00437,2026-09-23,B13,2-03,2,완료,C0236
R00438,23일,B13,2-02,3,done,C0069
R00439,9/23,B13,2-04,2,완료,C0337
R00440,9/23,B13,2-02,2,완료,C0447
R00441,2026-09-23,B13,2-01,2,취소,C0244
R00442,9/23,B14,3-02,2,done,C0256
R00443,2026-09-23,B14,3-01,4,완료,C0491
R00444,23일,B14,3-03,1,완료,C0148
R00445,2026-09-23,B14,3-01,1,완료,C0450
R00446,2026-09-23,B14,3-02,4,완료,C0227
R00447,2026-09-23,B14,3-02,1,완료,C0442
R00448,2026-09-23,B14,3-04,3,완료,C0004
R00449,2026-09-23,B14,3-04,1,노쇼,C0099
R00450,2026-09-23,B14,3-03,4,취소 ,C0477
R00451,2026-09-23,B14,3-02,2,완료,C0568
R00452,2026-09-23,B14,3-03,1,완료,C0448
R00453,2026-09-23,B15,1-01,3,done,C0492
R00454,2026-09-23,B15,1-04,1,완료,C0316
R00455,2026-09-23,B15,1-01,2,done,C0433
R00456,2026-09-23,B15,1-02,4,취소 ,C0399
R00457,23일,B15,1-04,4,완료,C0534
R00458,2026-09-23,B15,1-02,1,done,C0025
R00459,9/23,B15,1-04,3,노쇼,C0011
R00460,2026-09-23,B15,1-04,2,완료,C0575
R00461,2026-09-23,B15,1-03,3,완료,C0265
R00462,2026-09-23,B15,1-04,3,완료,C0260
R00463,2026-09-23,B15,1-01,4,취소,C0593
R00464,2026-09-23,B15,1-04,1,done,C0480
R00465,2026-09-24,B01,2-01,2,done,C0436
R00466,2026-09-24,B01,2-02,2,완료,C0360
R00467,2026-09-24,B01,2-01,4,이용완료,C0440
R00468,2026-09-24,B01,2-04,3,완료,C0588
R00469,9/24,B01,2-02,3,done,C0167
R00470,9/24,B01,2-04,1,완료,C0480
R00471,2026-09-24,B02,3-04,2,취소,C0369
R00472,2026-09-24,B02,3-02,1,완료,C0528
R00473,2026-09-24,B02,3-03,2,이용완료,C0532
R00474,2026-09-24,B02,3-03,2,취소 ,C0354
R00475,2026-09-24,B02,3-02,3,done,C0529
R00476,2026-09-24,B02,3-03,3,완료,C0422
R00477,2026-09-24,B02,3-02,4,완료,C0185
R00478,2026-09-24,B02,3-01,2,done,C0046
R00479,9/24,B02,3-02,3,취소,C0539
R00480,2026-09-24,B02,3-04,1,완료,C0439
R00481,2026-09-24,B03,1-04,1,완료,C0578
R00482,2026-09-24,B03,1-03,2,취소됨,C0357
R00483,2026-09-24,B03,1-03,2,노쇼,C0319
R00484,9/24,B03,1-02,2,완료,C0048
R00485,2026-09-24,B03,1-03,2,완료,C0090
R00486,2026-09-24,B03,1-03,2,완료,C0092
R00487,2026-09-24,B03,1-03,4,완료,C0500
R00488,9/24,B03,1-02,3,done,C0203
R00489,24일,B03,1-04,2,완료,C0027
R00490,9/24,B04,2-02,4,취소됨,C0022
R00491,2026-09-24,B04,2-03,2,완료,C0027
R00492,2026-09-24,B04,2-03,3,완료,C0118
R00493,2026-09-24,B04,2-02,2,완료,C0595
R00494,2026-09-24,B04,2-03,2,완료,C0209
R00495,2026-09-24,B04,2-02,2,완료,C0496
R00496,2026-09-24,B04,2-04,3,완료,C0330
R00497,2026-09-24,B04,2-03,2,이용완료,C0036
R00498,2026-09-24,B04,2-04,3,완료,C0576
R00499,2026-09-24,B05,3-01,1,완료,C0086
R00500,24일,B05,3-04,4,완료,C0110
R00501,24일,B05,3-02,3,완료,C0432
R00502,2026-09-24,B05,3-03,2,취소 ,C0590
R00503,2026-09-24,B05,3-02,4,완료,C0590
R00504,2026-09-24,B05,3-04,2,완료,C0069
R00505,2026-09-24,B05,3-02,4,완료,C0240
R00506,24일,B05,3-04,1,완료,C0135
R00507,2026-09-24,B05,3-01,2,완료,C0451
R00508,9/24,B06,1-01,1,done,C0532
R00509,2026-09-24,B06,1-02,4,완료,C0446
R00510,9/24,B06,1-04,2,완료,C0113
R00511,2026-09-24,B06,1-04,4,done,C0377
R00512,2026-09-24,B06,1-04,1,이용완료,C0143
R00513,2026-09-24,B06,1-04,2,완료,C0138
R00514,2026-09-24,B06,1-04,1,done,C0426
R00515,24일,B07,2-04,3,완료,C0502
R00516,2026-09-24,B07,2-02,2,완료,C0360
R00517,2026-09-24,B07,2-04,1,done,C0027
R00518,2026-09-24,B07,2-01,2,완료,C0546
R00519,2026-09-24,B07,2-02,2,이용완료,C0335
R00520,2026-09-24,B07,2-04,1,완료,C0348
R00521,2026-09-24,B07,2-01,1,done,C0079
R00522,24일,B07,2-01,4,완료,C0150
R00523,24일,B08,3-04,3,완료,C0354
R00524,2026-09-24,B08,3-03,2,완료,C0197
R00525,2026-09-24,B08,3-03,2,취소 ,C0036
R00526,24일,B08,3-04,2,완료,C0329
R00527,2026-09-24,B08,3-02,1,이용완료,C0208
R00528,9/24,B08,3-02,1,완료,C0002
R00529,2026-09-24,B08,3-03,3,이용완료,C0506
R00530,2026-09-24,B09,1-01,2,취소,C0178
R00531,2026-09-24,B09,1-01,4,완료,C0065
R00532,2026-09-24,B09,1-03,1,done,C0117
R00533,24일,B09,1-01,4,완료,C0243
R00534,24일,B09,1-01,2,완료,C0386
R00535,2026-09-24,B09,1-01,1,이용완료,C0201
R00536,24일,B09,1-03,2,이용완료,C0373
R00537,24일,B09,1-04,4,done,C0216
R00538,2026-09-24,B09,1-02,2,완료,C0202
R00539,2026-09-24,B09,1-04,3,취소,C0017
R00540,2026-09-24,B09,1-03,4,완료,C0492
R00541,24일,B09,1-02,1,노쇼,C0559
R00542,24일,B09,1-02,2,완료,C0394
R00543,2026-09-24,B10,2-01,2,완료,C0270
R00544,2026-09-24,B10,2-03,4,완료,C0381
R00545,2026-09-24,B10,2-04,2,done,C0502
R00546,24일,B10,2-03,1,완료,C0170
R00547,24일,B10,2-03,2,완료,C0146
R00548,2026-09-24,B10,2-04,1,done,C0125
R00549,9/24,B10,2-03,2,완료,C0274
R00550,9/24,B10,2-04,2,취소,C0484
R00551,24일,B10,2-02,3,done,C0180
R00552,2026-09-24,B10,2-03,2,완료,C0207
R00553,2026-09-24,B11,3-01,2,완료,C0349
R00554,2026-09-24,B11,3-03,1,완료,C0597
R00555,24일,B11,3-04,4,완료,C0332
R00556,2026-09-24,B11,3-01,2,done,C0472
R00557,2026-09-24,B11,3-04,4,완료,C0082
R00558,2026-09-24,B11,3-03,4,완료,C0501
R00559,24일,B11,3-02,3,완료,C0261
R00560,2026-09-24,B11,3-01,1,완료,C0372
R00561,2026-09-24,B11,3-03,4,이용완료,C0263
R00562,2026-09-24,B11,3-03,2,노쇼,C0266
R00563,2026-09-24,B11,3-01,2,취소,C0082
R00564,2026-09-24,B11,3-01,2,노쇼,C0571
R00565,9/24,B12,1-03,3,완료,C0121
R00566,2026-09-24,B12,1-04,3,done,C0447
R00567,2026-09-24,B12,1-01,2,완료,C0216
R00568,9/24,B12,1-03,2,완료,C0516
R00569,2026-09-24,B12,1-04,2,done,C0471
R00570,2026-09-24,B12,1-04,4,완료,C0139
R00571,24일,B12,1-03,1,완료,C0520
R00572,2026-09-24,B12,1-04,1,완료,C0394
R00573,2026-09-24,B12,1-03,2,완료,C0029
R00574,2026-09-24,B12,1-04,4,완료,C0203
R00575,9/24,B13,2-01,2,완료,C0337
R00576,9/24,B13,2-04,4,노쇼,C0010
R00577,24일,B13,2-04,1,이용완료,C0417
R00578,2026-09-24,B13,2-03,4,완료,C0382
R00579,2026-09-24,B13,2-02,4,완료,C0265
R00580,2026-09-24,B13,2-02,2,완료,C0149
R00581,2026-09-24,B14,3-04,3,done,C0245
R00582,24일,B14,3-04,4,이용완료,C0040
R00583,2026-09-24,B14,3-02,2,done,C0200
R00584,2026-09-24,B14,3-03,2,취소,C0406
R00585,24일,B14,3-01,2,완료,C0453
R00586,2026-09-24,B14,3-02,1,완료,C0466
R00587,2026-09-24,B14,3-02,1,완료,C0554
R00588,2026-09-24,B14,3-02,3,완료,C0198
R00589,2026-09-24,B15,1-01,4,완료,C0149
R00590,9/24,B15,1-03,1,완료,C0152
R00591,2026-09-24,B15,1-01,2,취소,C0439
R00592,24일,B15,1-02,2,완료,C0486
R00593,2026-09-24,B15,1-04,1,done,C0406
R00594,2026-09-24,B15,1-03,2,완료,C0252
R00595,2026-09-24,B15,1-02,1,완료,C0280
R00596,2026-09-24,B15,1-01,3,완료,C0565
R00597,2026-09-24,B15,1-04,1,완료,C0562
R00598,9/24,B15,1-04,2,완료,C0343
R00599,9/24,B15,1-04,2,완료,C0187
R00600,25일,B01,2-02,2,완료,C0504
R00601,25일,B01,2-01,2,이용완료,C0557
R00602,25일,B01,2-03,2,완료,C0547
R00603,25일,B01,2-03,2,done,C0370
R00604,25일,B01,2-03,2,완료,C0053
R00605,9/25,B01,2-04,4,done,C0305
R00606,2026-09-25,B01,2-01,2,done,C0321
R00607,2026-09-25,B01,2-03,3,노쇼,C0246
R00608,2026-09-25,B01,2-04,2,완료,C0251
R00609,2026-09-25,B01,2-04,2,완료,C0540
R00610,2026-09-25,B01,2-04,1,이용완료,C0148
R00611,2026-09-25,B02,3-01,1,완료,C0282
R00612,2026-09-25,B02,3-03,2,이용완료,C0434
R00613,9/25,B02,3-01,3,완료,C0351
R00614,25일,B02,3-03,3,완료,C0038
R00615,2026-09-25,B02,3-03,3,완료,C0084
R00616,2026-09-25,B02,3-02,4,완료,C0107
R00617,2026-09-25,B02,3-01,2,취소,C0446
R00618,9/25,B02,3-03,4,완료,C0370
R00619,2026-09-25,B02,3-01,2,완료,C0100
R00620,9/25,B02,3-04,4,완료,C0356
R00621,2026-09-25,B02,3-02,2,완료,C0583
R00622,2026-09-25,B02,3-02,2,완료,C0142
R00623,25일,B02,3-03,3,이용완료,C0302
R00624,9/25,B02,3-02,2,취소됨,C0297
R00625,2026-09-25,B03,1-03,2,완료,C0586
R00626,2026-09-25,B03,1-04,2,완료,C0248
R00627,2026-09-25,B03,1-04,3,완료,C0516
R00628,2026-09-25,B03,1-02,2,완료,C0232
R00629,2026-09-25,B03,1-02,4,이용완료,C0313
R00630,2026-09-25,B03,1-02,2,완료,C0551
R00631,9/25,B03,1-02,1,완료,C0187
R00632,2026-09-25,B03,1-03,3,완료,C0467
R00633,2026-09-25,B04,2-03,3,완료,C0313
R00634,9/25,B04,2-01,1,이용완료,C0092
R00635,2026-09-25,B04,2-02,2,완료,C0503
R00636,2026-09-25,B04,2-02,2,완료,C0237
R00637,25일,B04,2-03,2,완료,C0415
R00638,2026-09-25,B04,2-03,2,완료,C0125
R00639,25일,B05,3-03,4,이용완료,C0405
R00640,2026-09-25,B05,3-02,4,완료,C0544
R00641,2026-09-25,B05,3-01,3,완료,C0273
R00642,9/25,B05,3-01,1,완료,C0146
R00643,2026-09-25,B05,3-02,2,done,C0438
R00644,2026-09-25,B05,3-04,3,완료,C0156
R00645,2026-09-25,B05,3-04,4,완료,C0352
R00646,2026-09-25,B05,3-03,2,취소,C0315
R00647,2026-09-25,B06,1-01,1,완료,C0545
R00648,2026-09-25,B06,1-03,2,이용완료,C0337
R00649,9/25,B06,1-01,2,done,C0560
R00650,2026-09-25,B06,1-04,2,done,C0221
R00651,9/25,B06,1-04,2,취소,C0244
R00652,2026-09-25,B06,1-03,1,done,C0022
R00653,9/25,B06,1-01,2,취소,C0265
R00654,2026-09-25,B06,1-01,1,완료,C0440
R00655,9/25,B06,1-03,1,완료,C0556
R00656,2026-09-25,B06,1-01,2,완료,C0382
R00657,9/25,B06,1-02,3,완료,C0363
R00658,25일,B06,1-03,2,완료,C0121
R00659,25일,B06,1-03,2,done,C0439
R00660,2026-09-25,B06,1-02,4,완료,C0493
R00661,2026-09-25,B07,2-04,4,완료,C0422
R00662,2026-09-25,B07,2-03,4,완료,C0290
R00663,2026-09-25,B07,2-02,2,완료,C0218
R00664,25일,B07,2-02,3,완료,C0034
R00665,9/25,B07,2-04,2,done,C0468
R00666,2026-09-25,B07,2-04,4,완료,C0283
R00667,2026-09-25,B07,2-04,4,완료,C0303
R00668,2026-09-25,B07,2-02,3,이용완료,C0505
R00669,9/25,B07,2-01,2,완료,C0286
R00670,2026-09-25,B07,2-04,1,완료,C0320
R00671,2026-09-25,B08,3-02,3,노쇼,C0195
R00672,2026-09-25,B08,3-02,3,완료,C0411
R00673,2026-09-25,B08,3-02,2,완료,C0040
R00674,2026-09-25,B08,3-01,4,완료,C0568
R00675,2026-09-25,B08,3-04,3,완료,C0339
R00676,2026-09-25,B08,3-04,1,완료,C0201
R00677,2026-09-25,B08,3-04,1,완료,C0381
R00678,2026-09-25,B08,3-03,2,이용완료,C0100
R00679,2026-09-25,B08,3-04,2,완료,C0544
R00680,2026-09-25,B09,1-04,1,완료,C0532
R00681,2026-09-25,B09,1-04,4,이용완료,C0244
R00682,2026-09-25,B09,1-01,1,완료,C0201
R00683,2026-09-25,B09,1-04,1,cancel,C0415
R00684,25일,B09,1-03,4,완료,C0247
R00685,9/25,B09,1-02,4,완료,C0260
R00686,25일,B09,1-02,2,이용완료,C0390
R00687,2026-09-25,B09,1-04,2,완료,C0470
R00688,9/25,B09,1-02,1,완료,C0439
R00689,9/25,B10,2-01,3,done,C0410
R00690,2026-09-25,B10,2-04,4,취소,C0300
R00691,25일,B10,2-03,2,완료,C0581
R00692,25일,B10,2-04,1,완료,C0142
R00693,2026-09-25,B10,2-03,1,취소,C0156
R00694,2026-09-25,B10,2-01,4,완료,C0085
R00695,2026-09-25,B10,2-01,2,done,C0110
R00696,2026-09-25,B10,2-03,1,완료,C0262
R00697,2026-09-25,B10,2-04,2,완료,C0544
R00698,2026-09-25,B10,2-04,1,완료,C0138
R00699,2026-09-25,B10,2-03,2,완료,C0552
R00700,2026-09-25,B10,2-01,2,완료,C0584
R00701,2026-09-25,B10,2-03,2,완료,C0285
R00702,25일,B10,2-03,3,완료,C0064
R00703,9/25,B11,3-02,3,이용완료,C0071
R00704,9/25,B11,3-02,1,이용완료,C0427
R00705,25일,B11,3-01,2,완료,C0346
R00706,2026-09-25,B11,3-01,1,취소 ,C0363
R00707,25일,B11,3-04,1,이용완료,C0134
R00708,2026-09-25,B11,3-03,4,노쇼,C0233
R00709,2026-09-25,B11,3-04,2,완료,C0071
R00710,2026-09-25,B11,3-03,1,완료,C0059
R00711,2026-09-25,B11,3-01,1,완료,C0382
R00712,2026-09-25,B11,3-01,2,취소 ,C0171
R00713,2026-09-25,B11,3-04,2,완료,C0214
R00714,2026-09-25,B11,3-04,2,cancel,C0073
R00715,2026-09-25,B11,3-02,4,완료,C0041
R00716,2026-09-25,B11,3-02,1,완료,C0176
R00717,2026-09-25,B12,1-03,2,완료,C0508
R00718,2026-09-25,B12,1-02,3,done,C0441
R00719,25일,B12,1-04,4,이용완료,C0479
R00720,2026-09-25,B12,1-03,4,완료,C0203
R00721,2026-09-25,B12,1-01,2,완료,C0196
R00722,2026-09-25,B12,1-01,1,done,C0307
R00723,25일,B12,1-02,4,완료,C0124
R00724,2026-09-25,B12,1-01,2,완료,C0121
R00725,25일,B12,1-04,1,완료,C0422
R00726,2026-09-25,B12,1-03,4,완료,C0514
R00727,2026-09-25,B13,2-04,4,취소,C0054
R00728,25일,B13,2-03,4,완료,C0576
R00729,25일,B13,2-02,2,완료,C0286
R00730,9/25,B13,2-04,4,완료,C0365
R00731,2026-09-25,B13,2-03,2,이용완료,C0584
R00732,2026-09-25,B13,2-04,2,완료,C0489
R00733,9/25,B13,2-03,1,done,C0167
R00734,9/25,B14,3-01,4,완료,C0372
R00735,9/25,B14,3-03,2,done,C0377
R00736,9/25,B14,3-03,2,완료,C0152
R00737,2026-09-25,B14,3-01,2,완료,C0580
R00738,25일,B14,3-01,3,완료,C0178
R00739,2026-09-25,B14,3-01,2,완료,C0424
R00740,2026-09-25,B14,3-04,3,완료,C0446
R00741,25일,B14,3-04,2,완료,C0153
R00742,9/25,B14,3-02,2,이용완료,C0560
R00743,2026-09-25,B14,3-04,2,완료,C0050
R00744,2026-09-25,B15,1-04,2,취소,C0017
R00745,2026-09-25,B15,1-02,2,완료,C0105
R00746,2026-09-25,B15,1-02,2,완료,C0028
R00747,2026-09-25,B15,1-03,2,이용완료,C0023
R00748,2026-09-25,B15,1-02,4,완료,C0014
R00749,25일,B15,1-01,2,이용완료,C0550
R00750,2026-09-25,B15,1-02,2,완료,C0049
R00751,2026-09-25,B15,1-03,2,이용완료,C0185
R00752,9/25,B15,1-03,1,done,C0575
R00753,2026-09-25,B15,1-02,4,완료,C0044
R00754,9/26,B01,2-04,4,이용완료,C0593
R00755,2026-09-26,B01,2-04,3,완료,C0410
R00756,2026-09-26,B01,2-02,4,완료,C0351
R00757,2026-09-26,B01,2-04,2,완료,C0493
R00758,2026-09-26,B01,2-01,4,이용완료,C0042
R00759,2026-09-26,B01,2-01,4,이용완료,C0296
R00760,2026-09-26,B01,2-04,3,완료,C0079
R00761,2026-09-26,B01,2-03,2,취소,C0296
R00762,2026-09-26,B02,3-01,3,취소,C0585
R00763,2026-09-26,B02,3-02,2,완료,C0116
R00764,2026-09-26,B02,3-03,3,완료,C0568
R00765,26일,B02,3-02,4,완료,C0092
R00766,2026-09-26,B02,3-03,4,완료,C0279
R00767,2026-09-26,B02,3-02,2,cancel,C0012
R00768,9/26,B03,1-03,4,완료,C0331
R00769,2026-09-26,B03,1-03,2,완료,C0491
R00770,2026-09-26,B03,1-02,3,완료,C0323
R00771,26일,B03,1-01,3,완료,C0128
R00772,2026-09-26,B03,1-01,4,이용완료,C0571
R00773,2026-09-26,B03,1-01,3,완료,C0031
R00774,2026-09-26,B03,1-03,3,취소됨,C0181
R00775,2026-09-26,B03,1-01,1,이용완료,C0081
R00776,2026-09-26,B03,1-01,2,done,C0392
R00777,2026-09-26,B03,1-04,1,이용완료,C0567
R00778,2026-09-26,B03,1-03,4,완료,C0110
R00779,2026-09-26,B03,1-04,1,완료,C0400
R00780,2026-09-26,B03,1-02,1,이용완료,C0479
R00781,2026-09-26,B03,1-04,1,노쇼,C0030
R00782,2026-09-26,B04,2-03,2,취소,C0224
R00783,2026-09-26,B04,2-01,3,이용완료,C0013
R00784,26일,B04,2-01,1,완료,C0593
R00785,2026-09-26,B04,2-01,1,이용완료,C0486
R00786,2026-09-26,B04,2-04,2,done,C0191
R00787,2026-09-26,B04,2-03,4,취소,C0511
R00788,2026-09-26,B04,2-04,3,취소 ,C0102
R00789,2026-09-26,B04,2-03,2,완료,C0103
R00790,9/26,B04,2-04,1,이용완료,C0584
R00791,9/26,B05,3-04,1,완료,C0225
R00792,9/26,B05,3-03,1,이용완료,C0465
R00793,2026-09-26,B05,3-04,3,취소,C0588
R00794,2026-09-26,B05,3-04,3,완료,C0271
R00795,2026-09-26,B05,3-01,1,완료,C0300
R00796,2026-09-26,B05,3-03,2,취소,C0359
R00797,2026-09-26,B05,3-01,3,완료,C0513
R00798,2026-09-26,B05,3-03,1,완료,C0270
R00799,2026-09-26,B05,3-02,2,완료,C0341
R00800,2026-09-26,B05,3-03,2,이용완료,C0478
R00801,9/26,B05,3-04,4,완료,C0071
R00802,2026-09-26,B06,1-03,3,완료,C0361
R00803,2026-09-26,B06,1-01,2,취소,C0272
R00804,2026-09-26,B06,1-01,2,취소 ,C0487
R00805,2026-09-26,B06,1-03,4,완료,C0088
R00806,2026-09-26,B06,1-02,2,이용완료,C0528
R00807,26일,B06,1-03,2,노쇼,C0361
R00808,2026-09-26,B06,1-01,1,이용완료,C0432
R00809,2026-09-26,B06,1-03,1,취소,C0271
R00810,2026-09-26,B07,2-03,2,완료,C0560
R00811,26일,B07,2-01,2,이용완료,C0117
R00812,9/26,B07,2-04,2,이용완료,C0462
R00813,2026-09-26,B07,2-02,3,완료,C0018
R00814,2026-09-26,B07,2-02,4,완료,C0517
R00815,9/26,B07,2-01,1,완료,C0499
R00816,26일,B07,2-02,1,완료,C0085
R00817,2026-09-26,B07,2-02,3,완료,C0044
R00818,9/26,B07,2-03,2,완료,C0125
R00819,2026-09-26,B07,2-04,3,완료,C0197
R00820,2026-09-26,B07,2-04,2,이용완료,C0061
R00821,26일,B08,3-03,1,완료,C0528
R00822,2026-09-26,B08,3-02,2,완료,C0389
R00823,2026-09-26,B08,3-03,4,done,C0441
R00824,2026-09-26,B08,3-04,1,완료,C0288
R00825,2026-09-26,B08,3-01,2,취소,C0116
R00826,9/26,B08,3-01,2,완료,C0264
R00827,2026-09-26,B08,3-01,3,완료,C0176
R00828,2026-09-26,B08,3-02,2,완료,C0598
R00829,2026-09-26,B08,3-02,1,cancel,C0046
R00830,2026-09-26,B08,3-01,2,완료,C0433
R00831,2026-09-26,B09,1-03,2,완료,C0217
R00832,9/26,B09,1-03,3,이용완료,C0407
R00833,26일,B09,1-04,4,취소,C0026
R00834,2026-09-26,B09,1-02,2,완료,C0543
R00835,2026-09-26,B09,1-02,4,done,C0002
R00836,2026-09-26,B09,1-03,2,취소됨,C0389
R00837,2026-09-26,B09,1-03,2,완료,C0331
R00838,2026-09-26,B10,2-02,1,완료,C0398
R00839,2026-09-26,B10,2-04,4,취소,C0124
R00840,26일,B10,2-03,2,완료,C0341
R00841,2026-09-26,B10,2-02,2,노쇼,C0263
R00842,9/26,B10,2-04,3,완료,C0025
R00843,2026-09-26,B10,2-03,1,이용완료,C0542
R00844,2026-09-26,B10,2-03,2,완료,C0530
R00845,2026-09-26,B10,2-03,1,완료,C0243
R00846,2026-09-26,B10,2-02,2,done,C0131
R00847,2026-09-26,B10,2-02,3,이용완료,C0523
R00848,2026-09-26,B10,2-04,1,완료,C0489
R00849,2026-09-26,B10,2-04,4,완료,C0590
R00850,2026-09-26,B11,3-03,4,완료,C0229
R00851,2026-09-26,B11,3-02,3,완료,C0259
R00852,2026-09-26,B11,3-01,4,취소,C0172
R00853,2026-09-26,B11,3-02,1,완료,C0545
R00854,26일,B11,3-04,4,완료,C0454
R00855,2026-09-26,B11,3-01,2,완료,C0553
R00856,2026-09-26,B11,3-02,2,이용완료,C0269
R00857,2026-09-26,B11,3-01,2,완료,C0373
R00858,26일,B11,3-01,2,완료,C0138
R00859,2026-09-26,B11,3-02,4,취소,C0116
R00860,2026-09-26,B11,3-02,2,done,C0560
R00861,9/26,B11,3-01,2,완료,C0536
R00862,2026-09-26,B12,1-04,1,취소됨,C0020
R00863,2026-09-26,B12,1-01,2,완료,C0444
R00864,2026-09-26,B12,1-03,2,완료,C0356
R00865,2026-09-26,B12,1-04,3,완료,C0119
R00866,2026-09-26,B12,1-02,3,완료,C0376
R00867,9/26,B12,1-01,2,완료,C0137
R00868,2026-09-26,B12,1-02,2,완료,C0254
R00869,2026-09-26,B12,1-01,3,완료,C0099
R00870,2026-09-26,B12,1-03,1,완료,C0058
R00871,2026-09-26,B12,1-04,2,이용완료,C0023
R00872,2026-09-26,B12,1-01,2,완료,C0262
R00873,9/26,B12,1-04,2,취소,C0531
R00874,2026-09-26,B12,1-04,2,완료,C0425
R00875,2026-09-26,B13,2-02,2,done,C0237
R00876,2026-09-26,B13,2-02,2,완료,C0157
R00877,2026-09-26,B13,2-04,4,취소,C0512
R00878,2026-09-26,B13,2-01,2,완료,C0109
R00879,2026-09-26,B13,2-04,1,이용완료,C0112
R00880,2026-09-26,B13,2-03,2,done,C0600
R00881,2026-09-26,B13,2-04,2,완료,C0075
R00882,2026-09-26,B13,2-03,2,완료,C0241
R00883,2026-09-26,B13,2-02,2,완료,C0208
R00884,2026-09-26,B14,3-03,2,취소,C0049
R00885,2026-09-26,B14,3-03,2,done,C0172
R00886,2026-09-26,B14,3-01,2,완료,C0548
R00887,2026-09-26,B14,3-03,4,done,C0514
R00888,26일,B14,3-02,4,done,C0548
R00889,9/26,B14,3-02,2,done,C0568
R00890,2026-09-26,B15,1-02,2,완료,C0592
R00891,2026-09-26,B15,1-01,2,완료,C0485
R00892,9/26,B15,1-01,2,완료,C0068
R00893,26일,B15,1-01,2,완료,C0151
R00894,2026-09-26,B15,1-03,3,완료,C0399
R00895,2026-09-26,B15,1-02,4,이용완료,C0389
R00896,2026-09-26,B15,1-03,1,done,C0123
R00897,2026-09-27,B01,2-01,1,이용완료,C0020
R00898,2026-09-27,B01,2-02,2,완료,C0105
R00899,27일,B01,2-04,2,완료,C0560
R00900,2026-09-27,B01,2-04,3,완료,C0059
R00901,2026-09-27,B01,2-02,3,완료,C0482
R00902,2026-09-27,B01,2-01,3,완료,C0031
R00903,27일,B01,2-01,4,done,C0433
R00904,2026-09-27,B01,2-03,3,완료,C0577
R00905,2026-09-27,B01,2-01,1,완료,C0171
R00906,9/27,B01,2-04,2,취소,C0355
R00907,2026-09-27,B02,3-01,2,done,C0117
R00908,2026-09-27,B02,3-02,4,취소 ,C0075
R00909,9/27,B02,3-04,3,완료,C0181
R00910,2026-09-27,B02,3-01,2,이용완료,C0527
R00911,2026-09-27,B02,3-01,2,완료,C0100
R00912,2026-09-27,B02,3-02,1,이용완료,C0568
R00913,2026-09-27,B02,3-01,2,완료,C0552
R00914,9/27,B02,3-04,1,done,C0075
R00915,9/27,B02,3-01,4,완료,C0577
R00916,2026-09-27,B02,3-04,1,완료,C0430
R00917,2026-09-27,B03,1-02,3,done,C0067
R00918,2026-09-27,B03,1-02,2,완료,C0027
R00919,2026-09-27,B03,1-01,4,완료,C0457
R00920,9/27,B03,1-01,3,완료,C0007
R00921,27일,B03,1-01,3,완료,C0402
R00922,2026-09-27,B03,1-03,2,취소 ,C0481
R00923,2026-09-27,B03,1-04,4,취소,C0102
R00924,2026-09-27,B03,1-03,3,완료,C0201
R00925,2026-09-27,B03,1-03,1,취소,C0311
R00926,9/27,B03,1-04,2,완료,C0238
R00927,9/27,B03,1-03,4,완료,C0030
R00928,2026-09-27,B04,2-04,2,완료,C0510
R00929,9/27,B04,2-04,3,취소 ,C0228
R00930,2026-09-27,B04,2-03,3,done,C0536
R00931,2026-09-27,B04,2-04,4,취소,C0591
R00932,2026-09-27,B04,2-01,3,완료,C0517
R00933,2026-09-27,B04,2-04,1,취소,C0175
R00934,2026-09-27,B04,2-04,1,완료,C0214
R00935,2026-09-27,B05,3-02,1,완료,C0487
R00936,2026-09-27,B05,3-02,1,완료,C0023
R00937,9/27,B05,3-03,4,취소,C0501
R00938,2026-09-27,B05,3-02,4,cancel,C0156
R00939,2026-09-27,B05,3-01,2,이용완료,C0443
R00940,27일,B05,3-04,3,완료,C0419
R00941,2026-09-27,B05,3-04,1,완료,C0131
R00942,2026-09-27,B05,3-02,2,완료,C0216
R00943,2026-09-27,B05,3-04,1,cancel,C0001
R00944,2026-09-27,B05,3-01,2,이용완료,C0036
R00945,9/27,B06,1-03,1,완료,C0534
R00946,2026-09-27,B06,1-04,2,취소,C0278
R00947,2026-09-27,B06,1-04,3,완료,C0464
R00948,2026-09-27,B06,1-01,3,done,C0527
R00949,2026-09-27,B06,1-02,1,취소,C0277
R00950,2026-09-27,B06,1-04,2,완료,C0085
R00951,2026-09-27,B06,1-03,1,이용완료,C0283
R00952,2026-09-27,B07,2-01,2,완료,C0016
R00953,9/27,B07,2-02,4,no-show,C0090
R00954,2026-09-27,B07,2-01,1,done,C0079
R00955,27일,B07,2-02,4,no-show,C0466
R00956,2026-09-27,B07,2-02,1,완료,C0064
R00957,2026-09-27,B07,2-01,2,이용완료,C0322
R00958,2026-09-27,B07,2-03,4,완료,C0342
R00959,2026-09-27,B07,2-04,4,완료,C0556
R00960,2026-09-27,B07,2-01,2,완료,C0429
R00961,2026-09-27,B08,3-03,4,완료,C0365
R00962,27일,B08,3-02,2,완료,C0458
R00963,27일,B08,3-01,2,done,C0189
R00964,27일,B08,3-03,1,이용완료,C0546
R00965,9/27,B08,3-02,3,done,C0208
R00966,9/27,B08,3-04,2,완료,C0232
R00967,9/27,B08,3-01,2,완료,C0005
R00968,2026-09-27,B08,3-04,2,완료,C0174
R00969,2026-09-27,B08,3-02,4,done,C0367
R00970,2026-09-27,B08,3-03,3,완료,C0068
R00971,9/27,B08,3-03,2,취소,C0107
R00972,2026-09-27,B08,3-01,1,완료,C0079
R00973,2026-09-27,B08,3-02,3,완료,C0479
R00974,2026-09-27,B09,1-02,2,취소,C0529
R00975,2026-09-27,B09,1-03,3,노쇼,C0525
R00976,2026-09-27,B09,1-03,4,완료,C0142
R00977,2026-09-27,B09,1-04,2,완료,C0164
R00978,27일,B09,1-04,3,done,C0475
R00979,2026-09-27,B09,1-01,2,완료,C0326
R00980,27일,B09,1-03,2,완료,C0321
R00981,2026-09-27,B09,1-01,4,완료,C0316
R00982,2026-09-27,B09,1-04,1,이용완료,C0445
R00983,2026-09-27,B10,2-03,1,완료,C0172
R00984,9/27,B10,2-03,2,이용완료,C0055
R00985,9/27,B10,2-01,2,이용완료,C0399
R00986,2026-09-27,B10,2-04,3,완료,C0336
R00987,2026-09-27,B10,2-01,3,이용완료,C0348
R00988,2026-09-27,B10,2-01,1,취소,C0417
R00989,2026-09-27,B10,2-03,2,no-show,C0246
R00990,27일,B10,2-03,2,완료,C0158
R00991,27일,B10,2-03,2,done,C0527
R00992,9/27,B10,2-03,1,이용완료,C0576
R00993,9/27,B11,3-03,4,이용완료,C0079
R00994,2026-09-27,B11,3-02,1,완료,C0362
R00995,2026-09-27,B11,3-04,4,완료,C0116
R00996,2026-09-27,B11,3-01,2,done,C0554
R00997,27일,B11,3-01,4,done,C0477
R00998,27일,B11,3-04,2,취소,C0222
R00999,27일,B11,3-02,2,완료,C0562
R01000,2026-09-27,B11,3-03,2,done,C0198
R01001,27일,B11,3-04,2,완료,C0513
R01002,9/27,B11,3-01,2,이용완료,C0534
R01003,9/27,B11,3-01,3,취소,C0319
R01004,2026-09-27,B12,1-03,4,이용완료,C0509
R01005,2026-09-27,B12,1-03,2,완료,C0332
R01006,2026-09-27,B12,1-04,3,취소,C0169
R01007,2026-09-27,B12,1-01,2,완료,C0436
R01008,2026-09-27,B12,1-01,2,이용완료,C0220
R01009,2026-09-27,B12,1-01,3,완료,C0505
R01010,27일,B12,1-04,3,완료,C0504
R01011,2026-09-27,B12,1-01,4,완료,C0195
R01012,9/27,B12,1-03,2,완료,C0029
R01013,2026-09-27,B13,2-01,3,이용완료,C0444
R01014,2026-09-27,B13,2-01,2,done,C0175
R01015,2026-09-27,B13,2-01,3,done,C0438
R01016,2026-09-27,B13,2-01,4,완료,C0565
R01017,2026-09-27,B13,2-02,2,done,C0130
R01018,9/27,B13,2-03,2,완료,C0143
R01019,2026-09-27,B13,2-01,1,완료,C0352
R01020,2026-09-27,B13,2-03,4,done,C0251
R01021,2026-09-27,B13,2-04,4,완료,C0595
R01022,9/27,B13,2-04,1,done,C0193
R01023,27일,B13,2-01,2,done,C0305
R01024,2026-09-27,B13,2-01,1,취소,C0166
R01025,2026-09-27,B13,2-03,2,완료,C0511
R01026,2026-09-27,B14,3-04,2,이용완료,C0462
R01027,2026-09-27,B14,3-04,2,완료,C0026
R01028,2026-09-27,B14,3-01,2,완료,C0278
R01029,2026-09-27,B14,3-03,4,완료,C0094
R01030,2026-09-27,B14,3-02,4,노쇼,C0129
R01031,27일,B14,3-01,2,완료,C0256
R01032,2026-09-27,B14,3-02,2,이용완료,C0110
R01033,27일,B14,3-04,3,완료,C0241
R01034,2026-09-27,B14,3-02,4,완료,C0137
R01035,2026-09-27,B14,3-03,2,완료,C0431
R01036,2026-09-27,B14,3-02,3,완료,C0293
R01037,27일,B14,3-03,3,이용완료,C0502
R01038,27일,B14,3-02,4,완료,C0298
R01039,2026-09-27,B15,1-04,1,완료,C0073
R01040,2026-09-27,B15,1-01,1,완료,C0088
R01041,2026-09-27,B15,1-04,1,취소,C0350
R01042,2026-09-27,B15,1-02,2,완료,C0384
R01043,27일,B15,1-04,1,노쇼,C0014
R01044,27일,B15,1-04,3,완료,C0180
R01045,2026-09-27,B15,1-03,1,완료,C0491
R01046,2026-09-27,B15,1-04,1,이용완료,C0267
R01047,27일,B15,1-03,4,완료,C0040
R01048,2026-09-27,B15,1-02,2,done,C0334
R01049,2026-09-27,B15,1-04,1,이용완료,C0004
R01050,2026-09-27,B15,1-03,2,done,C0427
R01051,2026-09-27,B15,1-03,2,취소,C0352
R01052,2026-09-27,B15,1-02,3,취소,C0024
R01053,2026-09-28,B01,2-03,2,완료,C0502
R01054,28일,B01,2-03,4,완료,C0196
R01055,2026-09-28,B01,2-04,4,완료,C0420
R01056,2026-09-28,B01,2-01,2,완료,C0477
R01057,2026-09-28,B01,2-04,3,취소,C0466
R01058,2026-09-28,B01,2-03,2,이용완료,C0559
R01059,9/28,B01,2-02,4,완료,C0014
R01060,2026-09-28,B02,3-04,1,완료,C0394
R01061,2026-09-28,B02,3-02,2,done,C0534
R01062,9/28,B02,3-03,4,완료,C0411
R01063,2026-09-28,B02,3-01,2,이용완료,C0116
R01064,2026-09-28,B02,3-04,3,취소,C0334
R01065,2026-09-28,B02,3-03,1,완료,C0101
R01066,2026-09-28,B02,3-03,3,done,C0522
R01067,2026-09-28,B02,3-04,2,이용완료,C0117
R01068,2026-09-28,B03,1-01,2,완료,C0224
R01069,28일,B03,1-01,2,완료,C0169
R01070,2026-09-28,B03,1-02,1,완료,C0050
R01071,2026-09-28,B03,1-01,3,취소,C0021
R01072,28일,B03,1-03,2,완료,C0408
R01073,2026-09-28,B03,1-03,1,취소,C0180
R01074,2026-09-28,B03,1-04,4,취소,C0083
R01075,2026-09-28,B03,1-04,2,완료,C0553
R01076,9/28,B03,1-01,2,완료,C0561
R01077,2026-09-28,B03,1-01,3,완료,C0020
R01078,2026-09-28,B03,1-03,2,done,C0354
R01079,2026-09-28,B04,2-03,3,완료,C0339
R01080,9/28,B04,2-04,2,완료,C0018
R01081,9/28,B04,2-01,4,이용완료,C0069
R01082,2026-09-28,B04,2-04,1,완료,C0045
R01083,2026-09-28,B04,2-03,2,완료,C0024
R01084,2026-09-28,B04,2-02,4,완료,C0171
R01085,28일,B04,2-02,2,취소,C0205
R01086,2026-09-28,B04,2-01,2,취소 ,C0161
R01087,2026-09-28,B05,3-01,4,no-show,C0318
R01088,2026-09-28,B05,3-02,2,취소,C0251
R01089,2026-09-28,B05,3-03,2,완료,C0122
R01090,2026-09-28,B05,3-01,2,완료,C0346
R01091,9/28,B05,3-01,2,완료,C0135
R01092,2026-09-28,B05,3-01,1,취소,C0344
R01093,28일,B05,3-03,2,취소,C0405
R01094,2026-09-28,B05,3-01,3,취소,C0537
R01095,2026-09-28,B05,3-01,2,완료,C0493
R01096,2026-09-28,B05,3-01,1,취소,C0008
R01097,9/28,B05,3-01,4,완료,C0564
R01098,2026-09-28,B05,3-01,3,취소,C0143
R01099,2026-09-28,B06,1-02,2,완료,C0472
R01100,2026-09-28,B06,1-01,1,완료,C0243
R01101,2026-09-28,B06,1-04,4,완료,C0380
R01102,2026-09-28,B06,1-02,2,완료,C0021
R01103,9/28,B06,1-04,4,완료,C0062
R01104,2026-09-28,B06,1-02,2,완료,C0209
R01105,9/28,B06,1-01,2,노쇼,C0541
R01106,2026-09-28,B06,1-04,2,이용완료,C0597
R01107,2026-09-28,B06,1-03,1,완료,C0472
R01108,2026-09-28,B06,1-03,2,완료,C0551
R01109,2026-09-28,B06,1-02,3,no-show,C0278
R01110,2026-09-28,B07,2-04,3,완료,C0072
R01111,2026-09-28,B07,2-01,2,이용완료,C0534
R01112,9/28,B07,2-03,1,완료,C0289
R01113,9/28,B07,2-02,4,완료,C0468
R01114,2026-09-28,B07,2-04,1,완료,C0246
R01115,2026-09-28,B07,2-02,2,완료,C0292
R01116,2026-09-28,B07,2-04,2,완료,C0153
R01117,9/28,B07,2-01,4,완료,C0140
R01118,2026-09-28,B07,2-03,2,cancel,C0581
R01119,2026-09-28,B07,2-03,1,완료,C0587
R01120,2026-09-28,B07,2-02,3,done,C0258
R01121,2026-09-28,B08,3-01,4,완료,C0067
R01122,2026-09-28,B08,3-01,3,완료,C0519
R01123,2026-09-28,B08,3-04,3,완료,C0210
R01124,2026-09-28,B08,3-03,3,done,C0141
R01125,2026-09-28,B08,3-02,4,완료,C0021
R01126,2026-09-28,B08,3-04,2,done,C0534
R01127,2026-09-28,B08,3-03,4,완료,C0267
R01128,2026-09-28,B08,3-03,3,완료,C0374
R01129,2026-09-28,B08,3-01,4,done,C0562
R01130,2026-09-28,B08,3-03,1,완료,C0560
R01131,2026-09-28,B08,3-02,1,취소,C0360
R01132,9/28,B08,3-03,3,이용완료,C0450
R01133,9/28,B09,1-04,4,완료,C0013
R01134,2026-09-28,B09,1-02,2,완료,C0443
R01135,2026-09-28,B09,1-04,2,완료,C0189
R01136,2026-09-28,B09,1-03,2,완료,C0403
R01137,2026-09-28,B09,1-03,3,취소,C0327
R01138,2026-09-28,B09,1-01,1,이용완료,C0467
R01139,9/28,B09,1-04,4,완료,C0115
R01140,9/28,B09,1-03,3,no-show,C0504
R01141,2026-09-28,B09,1-02,4,완료,C0088
R01142,9/28,B09,1-03,3,완료,C0413
R01143,2026-09-28,B09,1-01,3,완료,C0044
R01144,2026-09-28,B10,2-04,3,취소 ,C0111
R01145,9/28,B10,2-03,1,완료,C0590
R01146,2026-09-28,B10,2-02,4,완료,C0205
R01147,2026-09-28,B10,2-03,2,done,C0360
R01148,2026-09-28,B10,2-03,2,완료,C0469
R01149,28일,B10,2-02,2,완료,C0586
R01150,2026-09-28,B11,3-04,1,완료,C0020
R01151,2026-09-28,B11,3-04,2,완료,C0117
R01152,2026-09-28,B11,3-02,2,완료,C0254
R01153,2026-09-28,B11,3-01,4,완료,C0555
R01154,28일,B11,3-03,2,완료,C0072
R01155,28일,B11,3-04,2,done,C0212
R01156,28일,B11,3-04,2,완료,C0600
R01157,2026-09-28,B11,3-02,2,done,C0192
R01158,2026-09-28,B11,3-02,1,완료,C0227
R01159,9/28,B12,1-02,1,완료,C0090
R01160,2026-09-28,B12,1-03,4,이용완료,C0458
R01161,2026-09-28,B12,1-01,2,취소,C0472
R01162,2026-09-28,B12,1-04,3,완료,C0437
R01163,28일,B12,1-04,2,이용완료,C0352
R01164,28일,B12,1-02,2,완료,C0106
R01165,2026-09-28,B12,1-01,3,완료,C0202
R01166,2026-09-28,B12,1-03,4,done,C0376
R01167,2026-09-28,B13,2-02,2,완료,C0491
R01168,2026-09-28,B13,2-03,3,완료,C0421
R01169,9/28,B13,2-03,3,완료,C0241
R01170,2026-09-28,B13,2-03,4,완료,C0431
R01171,2026-09-28,B13,2-03,3,완료,C0574
R01172,2026-09-28,B13,2-01,2,완료,C0254
R01173,2026-09-28,B13,2-04,2,완료,C0469
R01174,2026-09-28,B13,2-02,1,done,C0287
R01175,28일,B13,2-04,4,done,C0323
R01176,2026-09-28,B13,2-01,3,완료,C0324
R01177,2026-09-28,B13,2-01,4,완료,C0077
R01178,9/28,B13,2-01,3,이용완료,C0108
R01179,2026-09-28,B13,2-02,2,done,C0245
R01180,2026-09-28,B13,2-03,1,done,C0554
R01181,9/28,B14,3-03,3,완료,C0040
R01182,2026-09-28,B14,3-03,1,완료,C0599
R01183,2026-09-28,B14,3-02,1,cancel,C0463
R01184,9/28,B14,3-01,2,done,C0219
R01185,2026-09-28,B14,3-02,1,완료,C0335
R01186,28일,B14,3-01,2,완료,C0318
R01187,2026-09-28,B14,3-01,4,이용완료,C0503
R01188,2026-09-28,B14,3-03,2,완료,C0578
R01189,2026-09-28,B14,3-02,2,완료,C0216
R01190,28일,B14,3-03,3,이용완료,C0143
R01191,2026-09-28,B14,3-02,2,완료,C0399
R01192,28일,B14,3-03,4,노쇼,C0456
R01193,2026-09-28,B14,3-03,3,완료,C0568
R01194,28일,B15,1-01,2,done,C0202
R01195,2026-09-28,B15,1-01,2,이용완료,C0436
R01196,2026-09-28,B15,1-01,3,완료,C0466
R01197,2026-09-28,B15,1-03,1,완료,C0240
R01198,2026-09-28,B15,1-03,1,완료,C0298
R01199,28일,B15,1-03,2,완료,C0137
R01200,2026-09-28,B15,1-01,4,완료,C0179
R01201,2026-09-28,B15,1-03,2,완료,C0573
R01202,2026-09-28,B15,1-02,3,완료,C0238
R01203,2026-09-28,B15,1-02,2,완료,C0238
R01204,2026-09-28,B15,1-02,2,완료,C0323
R01205,28일,B15,1-01,4,no-show,C0598
R01206,2026-09-28,B15,1-01,2,완료,C0265
R01207,9/28,B16,2-04,3,완료,C0231
R01208,2026-09-28,B16,2-04,1,완료,C0519
R01209,2026-09-28,B16,2-04,2,이용완료,C0411
R01210,2026-09-28,B16,2-01,2,완료,C0262
R01211,2026-09-28,B16,2-02,2,완료,C0231
R01212,28일,B16,2-04,1,cancel,C0304
R01213,2026-09-28,B16,2-01,2,완료,C0410
R01214,9/28,B16,2-04,1,노쇼,C0174
R01215,2026-09-28,B16,2-04,2,이용완료,C0421
R01216,9/28,B16,2-03,2,완료,C0025
R01217,9/28,B16,2-03,2,취소,C0214
R01218,9/28,B17,3-04,2,완료,C0415
R01219,2026-09-28,B17,3-01,2,완료,C0452
R01220,9/28,B17,3-01,2,done,C0112
R01221,28일,B17,3-04,2,완료,C0506
R01222,2026-09-28,B17,3-01,1,done,C0358
R01223,28일,B17,3-01,2,취소,C0436
R01224,9/28,B17,3-03,1,완료,C0042
R01225,9/28,B17,3-02,2,완료,C0236
R01226,2026-09-28,B17,3-03,3,완료,C0373
R01227,28일,B18,1-03,3,done,C0597
R01228,9/28,B18,1-01,1,완료,C0112
R01229,2026-09-28,B18,1-01,2,취소,C0573
R01230,2026-09-28,B18,1-03,3,이용완료,C0144
R01231,2026-09-28,B18,1-04,2,완료,C0356
R01232,2026-09-28,B18,1-04,1,노쇼,C0239
R01233,2026-09-28,B19,2-04,2,완료,C0132
R01234,2026-09-28,B19,2-04,2,취소,C0301
R01235,9/28,B19,2-02,3,완료,C0020
R01236,2026-09-28,B19,2-02,4,완료,C0354
R01237,9/28,B19,2-03,2,노쇼,C0289
R01238,9/28,B19,2-01,1,완료,C0054
R01239,2026-09-28,B19,2-04,2,done,C0408
R01240,2026-09-28,B19,2-01,2,완료,C0070
R01241,9/28,B19,2-01,2,이용완료,C0190
R01242,28일,B19,2-03,1,이용완료,C0138
R01243,2026-09-28,B19,2-02,1,done,C0049
R01244,28일,B19,2-01,1,done,C0003
R01245,2026-09-28,B19,2-03,3,완료,C0473
R01246,2026-09-28,B19,2-02,2,취소됨,C0546
R01247,9/28,B20,3-04,1,완료,C0367
R01248,9/28,B20,3-02,2,done,C0467
R01249,2026-09-28,B20,3-02,2,이용완료,C0373
R01250,2026-09-28,B20,3-03,1,취소,C0227
R01251,2026-09-28,B20,3-01,2,완료,C0282
R01252,2026-09-28,B20,3-01,1,취소,C0221
R01253,2026-09-28,B20,3-04,2,이용완료,C0134
R01254,28일,B20,3-02,4,완료,C0426
R01255,2026-09-28,B20,3-02,3,완료,C0113
R01256,2026-09-28,B20,3-01,4,이용완료,C0101
R01257,9/28,B20,3-01,2,완료,C0537
R01258,2026-09-28,B20,3-02,3,완료,C0141
R01259,2026-09-28,B20,3-01,2,완료,C0458
R01260,2026-09-29,B01,2-01,1,완료,C0264
R01261,2026-09-29,B01,2-02,3,완료,C0490
R01262,2026-09-29,B01,2-04,1,완료,C0213
R01263,2026-09-29,B01,2-01,2,완료,C0199
R01264,29일,B01,2-03,1,노쇼,C0123
R01265,2026-09-29,B01,2-02,4,완료,C0412
R01266,2026-09-29,B01,2-03,4,완료,C0593
R01267,29일,B01,2-01,3,완료,C0564
R01268,9/29,B01,2-04,3,취소,C0283
R01269,9/29,B01,2-03,2,cancel,C0521
R01270,2026-09-29,B02,3-02,2,완료,C0343
R01271,2026-09-29,B02,3-02,4,완료,C0029
R01272,2026-09-29,B02,3-03,3,완료,C0580
R01273,2026-09-29,B02,3-04,2,완료,C0066
R01274,2026-09-29,B02,3-03,2,cancel,C0278
R01275,2026-09-29,B02,3-01,3,취소,C0564
R01276,2026-09-29,B02,3-02,2,취소,C0511
R01277,2026-09-29,B02,3-02,2,완료,C0140
R01278,2026-09-29,B02,3-02,2,완료,C0475
R01279,2026-09-29,B02,3-01,2,이용완료,C0018
R01280,29일,B02,3-01,4,완료,C0216
R01281,9/29,B02,3-04,2,done,C0027
R01282,2026-09-29,B02,3-04,1,이용완료,C0524
R01283,2026-09-29,B03,1-01,3,완료,C0385
R01284,2026-09-29,B03,1-01,4,완료,C0219
R01285,29일,B03,1-01,2,done,C0010
R01286,2026-09-29,B03,1-02,3,완료,C0255
R01287,9/29,B03,1-02,2,완료,C0310
R01288,29일,B03,1-04,4,취소됨,C0556
R01289,29일,B03,1-04,1,취소 ,C0426
R01290,29일,B03,1-04,2,이용완료,C0367
R01291,2026-09-29,B03,1-01,3,완료,C0347
R01292,9/29,B03,1-02,2,완료,C0344
R01293,9/29,B03,1-03,2,취소 ,C0484
R01294,2026-09-29,B03,1-04,2,완료,C0549
R01295,9/29,B04,2-03,2,완료,C0370
R01296,2026-09-29,B04,2-01,2,취소됨,C0132
R01297,2026-09-29,B04,2-03,1,cancel,C0324
R01298,2026-09-29,B04,2-01,2,이용완료,C0545
R01299,29일,B04,2-01,1,완료,C0129
R01300,29일,B04,2-02,4,이용완료,C0348
R01301,2026-09-29,B04,2-02,1,완료,C0578
R01302,29일,B04,2-01,3,done,C0553
R01303,9/29,B04,2-04,4,완료,C0191
R01304,2026-09-29,B04,2-01,1,완료,C0242
R01305,29일,B05,3-02,2,취소,C0042
R01306,2026-09-29,B05,3-02,1,이용완료,C0578
R01307,2026-09-29,B05,3-01,2,완료,C0369
R01308,2026-09-29,B05,3-02,2,취소,C0508
R01309,2026-09-29,B05,3-01,4,완료,C0113
R01310,29일,B05,3-02,2,취소,C0370
R01311,9/29,B05,3-03,3,완료,C0096
R01312,2026-09-29,B05,3-02,4,완료,C0065
R01313,2026-09-29,B06,1-03,3,cancel,C0401
R01314,2026-09-29,B06,1-01,1,cancel,C0467
R01315,2026-09-29,B06,1-04,3,완료,C0323
R01316,2026-09-29,B06,1-01,2,노쇼,C0227
R01317,9/29,B06,1-01,1,완료,C0412
R01318,2026-09-29,B06,1-04,3,완료,C0120
R01319,29일,B06,1-02,3,no-show,C0357
R01320,2026-09-29,B06,1-03,4,완료,C0338
R01321,2026-09-29,B06,1-03,2,완료,C0162
R01322,2026-09-29,B06,1-04,4,이용완료,C0083
R01323,29일,B06,1-01,4,완료,C0127
R01324,2026-09-29,B07,2-02,1,완료,C0350
R01325,2026-09-29,B07,2-02,2,done,C0478
R01326,2026-09-29,B07,2-04,4,취소,C0292
R01327,9/29,B07,2-03,2,완료,C0351
R01328,2026-09-29,B07,2-04,3,완료,C0597
R01329,2026-09-29,B07,2-02,3,이용완료,C0131
R01330,2026-09-29,B07,2-04,2,이용완료,C0044
R01331,2026-09-29,B08,3-02,2,이용완료,C0164
R01332,2026-09-29,B08,3-04,3,이용완료,C0363
R01333,2026-09-29,B08,3-01,2,이용완료,C0321
R01334,2026-09-29,B08,3-03,1,완료,C0526
R01335,2026-09-29,B08,3-01,1,완료,C0337
R01336,2026-09-29,B08,3-04,2,완료,C0428
R01337,2026-09-29,B08,3-02,1,이용완료,C0070
R01338,2026-09-29,B08,3-01,2,이용완료,C0218
R01339,29일,B08,3-04,3,완료,C0301
R01340,9/29,B08,3-04,4,이용완료,C0219
R01341,2026-09-29,B08,3-01,4,done,C0305
R01342,2026-09-29,B08,3-01,4,done,C0381
R01343,2026-09-29,B08,3-03,2,노쇼,C0316
R01344,2026-09-29,B08,3-04,4,완료,C0194
R01345,2026-09-29,B09,1-04,1,완료,C0297
R01346,2026-09-29,B09,1-02,2,취소됨,C0110
R01347,2026-09-29,B09,1-03,2,완료,C0116
R01348,2026-09-29,B09,1-01,2,완료,C0044
R01349,2026-09-29,B09,1-02,1,완료,C0485
R01350,2026-09-29,B09,1-01,2,완료,C0349
R01351,2026-09-29,B09,1-04,4,노쇼,C0336
R01352,9/29,B09,1-01,4,완료,C0195
R01353,2026-09-29,B09,1-04,3,done,C0175
R01354,2026-09-29,B09,1-01,2,done,C0414
R01355,2026-09-29,B09,1-01,2,done,C0258
R01356,2026-09-29,B09,1-04,2,done,C0186
R01357,29일,B09,1-03,2,no-show,C0201
R01358,2026-09-29,B10,2-02,4,완료,C0126
R01359,29일,B10,2-02,3,완료,C0430
R01360,2026-09-29,B10,2-02,4,완료,C0557
R01361,2026-09-29,B10,2-03,1,완료,C0391
R01362,9/29,B10,2-01,1,이용완료,C0110
R01363,2026-09-29,B10,2-01,2,cancel,C0196
R01364,2026-09-29,B10,2-03,1,이용완료,C0088
R01365,2026-09-29,B10,2-02,2,노쇼,C0525
R01366,29일,B10,2-02,4,완료,C0438
R01367,2026-09-29,B11,3-03,2,이용완료,C0593
R01368,2026-09-29,B11,3-01,1,done,C0056
R01369,2026-09-29,B11,3-03,2,완료,C0051
R01370,2026-09-29,B11,3-04,2,완료,C0323
R01371,2026-09-29,B11,3-03,3,취소됨,C0226
R01372,29일,B11,3-03,4,이용완료,C0538
R01373,29일,B11,3-01,1,완료,C0181
R01374,2026-09-29,B12,1-04,1,완료,C0063
R01375,2026-09-29,B12,1-02,1,완료,C0216
R01376,2026-09-29,B12,1-03,2,done,C0442
R01377,2026-09-29,B12,1-03,3,이용완료,C0474
R01378,9/29,B12,1-04,2,done,C0005
R01379,9/29,B12,1-03,2,done,C0040
R01380,2026-09-29,B13,2-02,2,완료,C0101
R01381,2026-09-29,B13,2-03,4,취소,C0340
R01382,2026-09-29,B13,2-02,2,done,C0286
R01383,9/29,B13,2-01,3,완료,C0307
R01384,2026-09-29,B13,2-04,4,done,C0549
R01385,2026-09-29,B13,2-04,2,no-show,C0471
R01386,2026-09-29,B13,2-03,1,이용완료,C0114
R01387,2026-09-29,B13,2-02,3,완료,C0474
R01388,2026-09-29,B14,3-03,4,완료,C0581
R01389,2026-09-29,B14,3-03,3,done,C0166
R01390,9/29,B14,3-03,4,이용완료,C0091
R01391,29일,B14,3-03,2,완료,C0187
R01392,2026-09-29,B14,3-03,2,done,C0331
R01393,29일,B14,3-01,2,완료,C0335
R01394,2026-09-29,B14,3-02,1,완료,C0521
R01395,9/29,B15,1-02,4,완료,C0523
R01396,2026-09-29,B15,1-01,2,이용완료,C0582
R01397,2026-09-29,B15,1-01,3,완료,C0596
R01398,29일,B15,1-04,1,cancel,C0333
R01399,9/29,B15,1-03,3,완료,C0461
R01400,2026-09-29,B15,1-02,2,취소됨,C0537
R01401,29일,B15,1-04,2,완료,C0094
R01402,2026-09-29,B15,1-04,2,취소,C0482
R01403,29일,B15,1-01,4,완료,C0549
R01404,29일,B16,2-02,4,노쇼,C0167
R01405,2026-09-29,B16,2-03,2,이용완료,C0557
R01406,2026-09-29,B16,2-04,3,완료,C0333
R01407,9/29,B16,2-01,3,완료,C0514
R01408,2026-09-29,B16,2-03,2,취소,C0314
R01409,2026-09-29,B16,2-01,4,done,C0546
R01410,29일,B16,2-01,4,완료,C0088
R01411,2026-09-29,B17,3-03,1,완료,C0040
R01412,2026-09-29,B17,3-01,2,완료,C0173
R01413,2026-09-29,B17,3-01,2,완료,C0382
R01414,9/29,B17,3-02,4,이용완료,C0375
R01415,2026-09-29,B17,3-03,2,done,C0555
R01416,9/29,B17,3-01,1,이용완료,C0444
R01417,2026-09-29,B17,3-02,4,완료,C0465
R01418,9/29,B17,3-02,4,완료,C0047
R01419,2026-09-29,B17,3-04,1,done,C0188
R01420,2026-09-29,B18,1-04,2,done,C0425
R01421,2026-09-29,B18,1-04,3,no-show,C0499
R01422,2026-09-29,B18,1-01,1,완료,C0138
R01423,29일,B18,1-01,2,이용완료,C0361
R01424,2026-09-29,B18,1-02,4,done,C0214
R01425,2026-09-29,B18,1-02,2,완료,C0501
R01426,2026-09-29,B18,1-01,3,완료,C0372
R01427,2026-09-29,B18,1-03,2,완료,C0428
R01428,2026-09-29,B18,1-02,2,완료,C0156
R01429,2026-09-29,B18,1-02,3,취소,C0533
R01430,2026-09-29,B18,1-03,2,완료,C0161
R01431,9/29,B18,1-03,2,완료,C0586
R01432,2026-09-29,B19,2-01,1,완료,C0541
R01433,29일,B19,2-03,2,완료,C0186
R01434,2026-09-29,B19,2-01,2,완료,C0106
R01435,2026-09-29,B19,2-01,3,취소,C0263
R01436,9/29,B19,2-02,2,done,C0222
R01437,2026-09-29,B19,2-04,2,완료,C0429
R01438,2026-09-29,B19,2-04,2,취소,C0223
R01439,2026-09-29,B19,2-03,2,완료,C0471
R01440,2026-09-29,B19,2-02,1,이용완료,C0034
R01441,2026-09-29,B19,2-04,1,완료,C0111
R01442,29일,B19,2-03,2,완료,C0270
R01443,2026-09-29,B19,2-01,4,이용완료,C0032
R01444,2026-09-29,B20,3-03,2,완료,C0056
R01445,2026-09-29,B20,3-04,2,done,C0489
R01446,2026-09-29,B20,3-03,1,완료,C0334
R01447,2026-09-29,B20,3-03,3,done,C0220
R01448,29일,B20,3-02,4,cancel,C0009
R01449,2026-09-29,B20,3-01,3,이용완료,C0436
R01450,29일,B20,3-04,3,취소 ,C0451
R01451,2026-09-29,B20,3-04,4,done,C0146
R01452,2026-09-29,B20,3-04,2,done,C0447
R01453,2026-09-30,B01,2-04,2,완료,C0068
R01454,30일,B01,2-04,4,done,C0419
R01455,2026-09-30,B01,2-04,2,완료,C0035
R01456,2026-09-30,B01,2-01,2,완료,C0256
R01457,2026-09-30,B01,2-04,2,취소,C0300
R01458,2026-09-30,B01,2-04,3,완료,C0480
R01459,2026-09-30,B02,3-01,3,done,C0599
R01460,2026-09-30,B02,3-01,2,이용완료,C0039
R01461,2026-09-30,B02,3-02,2,완료,C0407
R01462,2026-09-30,B02,3-04,2,이용완료,C0173
R01463,9/30,B02,3-01,1,완료,C0008
R01464,2026-09-30,B02,3-04,3,완료,C0210
R01465,30일,B02,3-02,3,cancel,C0412
R01466,30일,B02,3-02,2,done,C0184
R01467,2026-09-30,B03,1-01,2,완료,C0229
R01468,2026-09-30,B03,1-03,4,완료,C0271
R01469,2026-09-30,B03,1-04,4,완료,C0314
R01470,2026-09-30,B03,1-03,2,완료,C0316
R01471,2026-09-30,B03,1-03,2,완료,C0109
R01472,9/30,B03,1-02,4,취소,C0375
R01473,9/30,B04,2-04,2,done,C0177
R01474,2026-09-30,B04,2-02,2,완료,C0319
R01475,2026-09-30,B04,2-01,2,이용완료,C0431
R01476,2026-09-30,B04,2-03,3,완료,C0328
R01477,2026-09-30,B04,2-01,4,완료,C0381
R01478,2026-09-30,B04,2-03,2,완료,C0045
R01479,9/30,B04,2-01,3,완료,C0515
R01480,2026-09-30,B04,2-03,2,완료,C0556
R01481,30일,B04,2-03,4,완료,C0348
R01482,2026-09-30,B05,3-01,2,완료,C0448
R01483,30일,B05,3-02,2,done,C0374
R01484,2026-09-30,B05,3-01,2,done,C0170
R01485,2026-09-30,B05,3-01,4,완료,C0550
R01486,9/30,B05,3-03,2,취소,C0481
R01487,2026-09-30,B05,3-04,3,이용완료,C0345
R01488,30일,B05,3-01,2,이용완료,C0361
R01489,9/30,B05,3-04,4,완료,C0157
R01490,30일,B05,3-01,2,완료,C0125
R01491,9/30,B05,3-03,2,이용완료,C0572
R01492,2026-09-30,B05,3-01,3,완료,C0338
R01493,9/30,B06,1-04,1,완료,C0156
R01494,2026-09-30,B06,1-02,4,취소됨,C0600
R01495,2026-09-30,B06,1-03,2,완료,C0417
R01496,30일,B06,1-01,2,cancel,C0247
R01497,2026-09-30,B06,1-02,2,done,C0342
R01498,30일,B06,1-03,2,완료,C0389
R01499,9/30,B06,1-03,2,완료,C0365
R01500,2026-09-30,B06,1-01,2,완료,C0592
R01501,2026-09-30,B06,1-02,4,완료,C0080
R01502,2026-09-30,B06,1-03,4,이용완료,C0311
R01503,2026-09-30,B07,2-02,2,취소됨,C0468
R01504,9/30,B07,2-03,2,완료,C0020
R01505,2026-09-30,B07,2-02,1,취소,C0115
R01506,2026-09-30,B07,2-02,2,완료,C0571
R01507,2026-09-30,B07,2-04,4,완료,C0273
R01508,9/30,B07,2-03,2,이용완료,C0591
R01509,9/30,B07,2-04,2,완료,C0277
R01510,9/30,B07,2-04,2,노쇼,C0132
R01511,2026-09-30,B07,2-03,2,완료,C0187
R01512,30일,B07,2-01,1,완료,C0115
R01513,30일,B07,2-01,4,완료,C0131
R01514,30일,B08,3-01,3,완료,C0555
R01515,2026-09-30,B08,3-04,2,완료,C0557
R01516,30일,B08,3-02,4,done,C0033
R01517,2026-09-30,B08,3-01,1,완료,C0477
R01518,30일,B08,3-01,2,완료,C0191
R01519,30일,B08,3-01,1,완료,C0524
R01520,2026-09-30,B08,3-04,4,이용완료,C0468
R01521,2026-09-30,B08,3-02,4,완료,C0594
R01522,9/30,B08,3-03,2,완료,C0013
R01523,2026-09-30,B08,3-02,1,완료,C0202
R01524,30일,B09,1-03,4,노쇼,C0202
R01525,9/30,B09,1-01,4,취소,C0450
R01526,2026-09-30,B09,1-04,3,완료,C0152
R01527,2026-09-30,B09,1-01,1,취소 ,C0330
R01528,2026-09-30,B09,1-03,4,취소,C0007
R01529,30일,B09,1-03,3,done,C0236
R01530,2026-09-30,B09,1-02,1,완료,C0383
R01531,30일,B09,1-04,4,이용완료,C0046
R01532,2026-09-30,B09,1-01,2,완료,C0526
R01533,2026-09-30,B09,1-01,2,취소,C0576
R01534,9/30,B09,1-01,2,완료,C0253
R01535,9/30,B09,1-03,2,완료,C0172
R01536,30일,B10,2-04,3,완료,C0027
R01537,2026-09-30,B10,2-03,3,완료,C0142
R01538,2026-09-30,B10,2-02,4,완료,C0368
R01539,30일,B10,2-03,2,cancel,C0568
R01540,30일,B10,2-04,1,이용완료,C0562
R01541,2026-09-30,B10,2-02,2,완료,C0012
R01542,30일,B10,2-02,3,done,C0188
R01543,9/30,B11,3-04,4,done,C0021
R01544,2026-09-30,B11,3-01,2,done,C0497
R01545,2026-09-30,B11,3-03,2,완료,C0529
R01546,2026-09-30,B11,3-02,2,완료,C0008
R01547,2026-09-30,B11,3-02,2,완료,C0530
R01548,2026-09-30,B11,3-04,2,이용완료,C0292
R01549,2026-09-30,B11,3-03,2,완료,C0331
R01550,2026-09-30,B11,3-03,2,done,C0307
R01551,30일,B12,1-01,2,no-show,C0266
R01552,2026-09-30,B12,1-04,3,이용완료,C0251
R01553,2026-09-30,B12,1-03,2,완료,C0324
R01554,2026-09-30,B12,1-04,3,done,C0327
R01555,2026-09-30,B12,1-03,1,완료,C0204
R01556,2026-09-30,B12,1-03,2,이용완료,C0171
R01557,2026-09-30,B12,1-03,1,완료,C0463
R01558,9/30,B12,1-03,2,완료,C0019
R01559,30일,B12,1-01,2,완료,C0394
R01560,2026-09-30,B12,1-01,2,완료,C0239
R01561,2026-09-30,B13,2-04,2,done,C0253
R01562,2026-09-30,B13,2-04,1,done,C0547
R01563,2026-09-30,B13,2-04,1,완료,C0227
R01564,2026-09-30,B13,2-02,3,취소됨,C0469
R01565,9/30,B13,2-03,2,노쇼,C0524
R01566,30일,B13,2-02,2,완료,C0163
R01567,2026-09-30,B13,2-02,2,완료,C0411
R01568,30일,B13,2-01,1,이용완료,C0366
R01569,2026-09-30,B13,2-03,2,완료,C0012
R01570,2026-09-30,B13,2-02,4,done,C0327
R01571,9/30,B13,2-01,3,완료,C0151
R01572,2026-09-30,B13,2-01,2,완료,C0367
R01573,2026-09-30,B13,2-02,2,완료,C0178
R01574,2026-09-30,B13,2-02,2,취소,C0087
R01575,30일,B14,3-02,2,done,C0380
R01576,9/30,B14,3-02,2,완료,C0220
R01577,2026-09-30,B14,3-04,2,이용완료,C0051
R01578,2026-09-30,B14,3-04,2,완료,C0533
R01579,2026-09-30,B14,3-02,2,완료,C0494
R01580,2026-09-30,B14,3-01,3,완료,C0482
R01581,2026-09-30,B14,3-01,2,이용완료,C0444
R01582,30일,B15,1-03,1,완료,C0071
R01583,2026-09-30,B15,1-01,2,취소됨,C0324
R01584,2026-09-30,B15,1-04,2,노쇼,C0217
R01585,30일,B15,1-02,4,완료,C0463
R01586,9/30,B15,1-02,3,이용완료,C0595
R01587,9/30,B15,1-04,1,완료,C0235
R01588,2026-09-30,B15,1-02,2,완료,C0293
R01589,9/30,B15,1-04,2,done,C0381
R01590,2026-09-30,B15,1-03,2,완료,C0480
R01591,30일,B15,1-02,3,완료,C0128
R01592,2026-09-30,B15,1-01,4,완료,C0026
R01593,2026-09-30,B16,2-01,2,완료,C0317
R01594,2026-09-30,B16,2-02,1,취소됨,C0417
R01595,2026-09-30,B16,2-04,3,이용완료,C0352
R01596,2026-09-30,B16,2-01,2,이용완료,C0481
R01597,2026-09-30,B16,2-02,3,취소,C0206
R01598,2026-09-30,B16,2-01,2,취소,C0084
R01599,30일,B16,2-04,4,이용완료,C0253
R01600,2026-09-30,B17,3-04,4,이용완료,C0326
R01601,9/30,B17,3-03,2,완료,C0590
R01602,2026-09-30,B17,3-03,2,취소,C0577
R01603,2026-09-30,B17,3-03,4,done,C0231
R01604,2026-09-30,B17,3-04,2,done,C0314
R01605,30일,B17,3-01,2,완료,C0017
R01606,30일,B17,3-04,4,완료,C0189
R01607,30일,B17,3-03,2,완료,C0045
R01608,30일,B18,1-01,2,완료,C0582
R01609,2026-09-30,B18,1-01,1,취소됨,C0001
R01610,9/30,B18,1-03,3,done,C0488
R01611,2026-09-30,B18,1-02,2,취소,C0349
R01612,2026-09-30,B18,1-02,1,done,C0024
R01613,2026-09-30,B18,1-04,3,취소,C0089
R01614,9/30,B18,1-02,2,done,C0450
R01615,2026-09-30,B18,1-04,4,완료,C0464
R01616,30일,B18,1-02,2,done,C0464
R01617,2026-09-30,B18,1-02,1,완료,C0372
R01618,30일,B18,1-02,3,완료,C0467
R01619,2026-09-30,B18,1-01,2,취소됨,C0159
R01620,30일,B18,1-01,2,완료,C0269
R01621,2026-09-30,B19,2-03,1,완료,C0489
R01622,2026-09-30,B19,2-04,3,완료,C0149
R01623,30일,B19,2-02,4,done,C0039
R01624,2026-09-30,B19,2-01,2,완료,C0403
R01625,2026-09-30,B19,2-03,2,완료,C0159
R01626,2026-09-30,B19,2-02,4,완료,C0192
R01627,2026-09-30,B19,2-02,3,완료,C0460
R01628,2026-09-30,B19,2-01,3,완료,C0033
R01629,2026-09-30,B19,2-01,2,완료,C0524
R01630,2026-09-30,B19,2-03,2,완료,C0438
R01631,2026-09-30,B19,2-01,1,완료,C0098
R01632,30일,B19,2-01,1,완료,C0397
R01633,30일,B19,2-03,2,cancel,C0320
R01634,2026-09-30,B20,3-01,2,done,C0452
R01635,30일,B20,3-02,2,완료,C0384
R01636,2026-09-30,B20,3-01,2,done,C0332
R01637,2026-09-30,B20,3-02,4,취소,C0589
R01638,9/30,B20,3-02,2,완료,C0396
R01639,2026-09-30,B20,3-01,1,완료,C0580
R01640,9/30,B20,3-03,3,이용완료,C0596
R01641,2026-09-30,B20,3-01,4,취소,C0035
R01642,2026-09-30,B20,3-04,3,done,C0079
R01643,2026-09-30,B20,3-04,3,완료,C0256
R01644,2026-09-30,B20,3-04,2,done,C0493
R01645,2026-10-01,B01,2-01,4,완료,C0582
R01646,10/1,B01,2-01,3,완료,C0121
R01647,2026-10-01,B01,2-04,3,이용완료,C0072
R01648,10/1,B01,2-02,3,완료,C0383
R01649,2026-10-01,B01,2-01,2,cancel,C0454
R01650,2026-10-01,B01,2-03,3,완료,C0263
R01651,1일,B01,2-02,4,이용완료,C0205
R01652,2026-10-01,B02,3-04,4,done,C0558
R01653,2026-10-01,B02,3-01,2,완료,C0449
R01654,1일,B02,3-02,2,완료,C0369
R01655,1일,B02,3-01,2,완료,C0236
R01656,1일,B02,3-04,2,완료,C0496
R01657,2026-10-01,B02,3-02,2,done,C0040
R01658,2026-10-01,B02,3-04,2,이용완료,C0525
R01659,2026-10-01,B02,3-02,4,이용완료,C0045
R01660,2026-10-01,B02,3-03,2,cancel,C0038
R01661,2026-10-01,B02,3-02,4,이용완료,C0546
R01662,2026-10-01,B02,3-01,2,완료,C0463
R01663,2026-10-01,B03,1-04,2,완료,C0178
R01664,2026-10-01,B03,1-02,4,done,C0235
R01665,2026-10-01,B03,1-04,2,완료,C0261
R01666,2026-10-01,B03,1-01,2,취소,C0142
R01667,2026-10-01,B03,1-04,2,완료,C0211
R01668,2026-10-01,B03,1-02,2,취소됨,C0388
R01669,2026-10-01,B03,1-04,2,done,C0309
R01670,2026-10-01,B03,1-01,2,취소,C0029
R01671,10/1,B03,1-04,4,완료,C0300
R01672,2026-10-01,B03,1-01,2,done,C0104
R01673,2026-10-01,B03,1-04,3,완료,C0252
R01674,10/1,B04,2-04,2,취소,C0084
R01675,2026-10-01,B04,2-02,2,완료,C0445
R01676,1일,B04,2-03,4,done,C0466
R01677,10/1,B04,2-02,3,완료,C0154
R01678,1일,B04,2-02,3,완료,C0208
R01679,10/1,B04,2-03,3,완료,C0036
R01680,10/1,B04,2-01,2,취소,C0248
R01681,2026-10-01,B04,2-02,4,완료,C0200
R01682,2026-10-01,B04,2-01,1,취소 ,C0396
R01683,2026-10-01,B04,2-04,4,완료,C0545
R01684,2026-10-01,B04,2-02,4,완료,C0065
R01685,2026-10-01,B04,2-03,4,완료,C0360
R01686,2026-10-01,B04,2-03,2,완료,C0504
R01687,2026-10-01,B05,3-03,2,완료,C0193
R01688,2026-10-01,B05,3-04,2,완료,C0260
R01689,2026-10-01,B05,3-02,4,완료,C0233
R01690,2026-10-01,B05,3-03,1,취소 ,C0070
R01691,1일,B05,3-04,3,완료,C0553
R01692,2026-10-01,B05,3-04,2,완료,C0166
R01693,2026-10-01,B06,1-03,1,취소,C0179
R01694,2026-10-01,B06,1-02,4,완료,C0379
R01695,2026-10-01,B06,1-02,3,완료,C0091
R01696,2026-10-01,B06,1-02,1,완료,C0523
R01697,10/1,B06,1-03,3,no-show,C0042
R01698,2026-10-01,B06,1-02,2,완료,C0064
R01699,2026-10-01,B06,1-01,2,취소,C0524
R01700,2026-10-01,B06,1-02,3,이용완료,C0055
R01701,2026-10-01,B06,1-02,2,완료,C0013
R01702,2026-10-01,B06,1-01,1,done,C0165
R01703,2026-10-01,B06,1-02,4,완료,C0378
R01704,10/1,B07,2-03,4,취소,C0309
R01705,2026-10-01,B07,2-02,2,완료,C0079
R01706,2026-10-01,B07,2-03,3,done,C0523
R01707,10/1,B07,2-02,2,완료,C0202
R01708,2026-10-01,B07,2-01,2,완료,C0193
R01709,2026-10-01,B07,2-04,3,no-show,C0033
R01710,2026-10-01,B07,2-03,2,완료,C0480
R01711,2026-10-01,B07,2-01,3,완료,C0174
R01712,2026-10-01,B07,2-01,2,완료,C0119
R01713,1일,B07,2-01,2,완료,C0322
R01714,2026-10-01,B07,2-04,3,완료,C0043
R01715,2026-10-01,B07,2-03,2,no-show,C0182
R01716,2026-10-01,B08,3-04,2,완료,C0356
R01717,10/1,B08,3-02,2,done,C0444
R01718,1일,B08,3-03,3,완료,C0521
R01719,2026-10-01,B08,3-04,3,완료,C0465
R01720,2026-10-01,B08,3-02,4,완료,C0593
R01721,2026-10-01,B08,3-01,3,done,C0279
R01722,2026-10-01,B08,3-01,2,취소,C0363
R01723,2026-10-01,B08,3-03,4,완료,C0462
R01724,2026-10-01,B08,3-02,1,완료,C0101
R01725,2026-10-01,B08,3-04,2,완료,C0042
R01726,2026-10-01,B08,3-02,1,완료,C0538
R01727,2026-10-01,B08,3-03,2,완료,C0030
R01728,2026-10-01,B08,3-04,4,완료,C0127
R01729,1일,B09,1-01,4,완료,C0289
R01730,1일,B09,1-03,2,완료,C0428
R01731,2026-10-01,B09,1-02,4,완료,C0106
R01732,1일,B09,1-01,2,완료,C0053
R01733,2026-10-01,B09,1-04,3,완료,C0320
R01734,2026-10-01,B09,1-04,2,완료,C0139
R01735,1일,B09,1-02,3,완료,C0436
R01736,2026-10-01,B09,1-01,1,완료,C0155
R01737,2026-10-01,B09,1-01,2,완료,C0187
R01738,10/1,B09,1-01,4,완료,C0236
R01739,10/1,B09,1-01,3,완료,C0591
R01740,10/1,B09,1-03,2,완료,C0067
R01741,2026-10-01,B09,1-02,3,노쇼,C0584
R01742,2026-10-01,B09,1-02,4,완료,C0038
R01743,2026-10-01,B10,2-02,3,done,C0018
R01744,2026-10-01,B10,2-02,2,완료,C0335
R01745,1일,B10,2-02,1,이용완료,C0350
R01746,2026-10-01,B10,2-02,3,취소,C0317
R01747,2026-10-01,B10,2-01,3,완료,C0264
R01748,2026-10-01,B10,2-04,3,완료,C0222
R01749,2026-10-01,B10,2-03,3,완료,C0561
R01750,2026-10-01,B10,2-02,1,완료,C0388
R01751,2026-10-01,B10,2-01,3,노쇼,C0134
R01752,2026-10-01,B10,2-04,3,이용완료,C0194
R01753,2026-10-01,B10,2-03,3,완료,C0467
R01754,10/1,B10,2-04,1,완료,C0481
R01755,2026-10-01,B10,2-01,4,이용완료,C0321
R01756,2026-10-01,B11,3-03,3,노쇼,C0162
R01757,2026-10-01,B11,3-01,2,취소,C0251
R01758,1일,B11,3-03,1,완료,C0167
R01759,2026-10-01,B11,3-03,2,완료,C0013
R01760,10/1,B11,3-04,4,완료,C0308
R01761,2026-10-01,B11,3-01,2,완료,C0157
R01762,2026-10-01,B11,3-01,1,취소,C0522
R01763,2026-10-01,B11,3-04,2,완료,C0226
R01764,2026-10-01,B11,3-02,2,이용완료,C0543
R01765,1일,B11,3-04,4,done,C0200
R01766,2026-10-01,B11,3-04,1,완료,C0243
R01767,10/1,B11,3-04,4,완료,C0288
R01768,2026-10-01,B11,3-04,4,취소됨,C0266
R01769,2026-10-01,B12,1-02,2,완료,C0330
R01770,2026-10-01,B12,1-01,1,cancel,C0499
R01771,2026-10-01,B12,1-02,2,done,C0587
R01772,2026-10-01,B12,1-02,4,완료,C0594
R01773,2026-10-01,B12,1-03,1,이용완료,C0225
R01774,1일,B12,1-02,3,완료,C0271
R01775,10/1,B12,1-04,1,노쇼,C0133
R01776,2026-10-01,B12,1-01,3,done,C0440
R01777,10/1,B12,1-02,2,완료,C0314
R01778,2026-10-01,B12,1-03,1,완료,C0453
R01779,2026-10-01,B12,1-03,2,완료,C0422
R01780,2026-10-01,B12,1-01,4,완료,C0027
R01781,2026-10-01,B12,1-02,3,완료,C0464
R01782,10/1,B13,2-04,3,완료,C0359
R01783,10/1,B13,2-01,4,완료,C0533
R01784,2026-10-01,B13,2-01,1,취소,C0542
R01785,2026-10-01,B13,2-03,1,완료,C0448
R01786,2026-10-01,B13,2-01,2,노쇼,C0240
R01787,2026-10-01,B13,2-01,1,취소,C0375
R01788,2026-10-01,B13,2-04,2,완료,C0433
R01789,2026-10-01,B13,2-01,1,완료,C0428
R01790,10/1,B13,2-02,4,취소,C0117
R01791,2026-10-01,B13,2-02,1,이용완료,C0448
R01792,2026-10-01,B13,2-04,3,완료,C0403
R01793,2026-10-01,B13,2-01,2,완료,C0095
R01794,2026-10-01,B13,2-02,3,취소,C0541
R01795,2026-10-01,B14,3-03,2,완료,C0073
R01796,2026-10-01,B14,3-04,4,완료,C0397
R01797,2026-10-01,B14,3-01,1,이용완료,C0018
R01798,2026-10-01,B14,3-01,3,이용완료,C0313
R01799,1일,B14,3-04,2,이용완료,C0291
R01800,1일,B14,3-02,1,이용완료,C0347
R01801,2026-10-01,B14,3-01,2,완료,C0157
R01802,2026-10-01,B14,3-02,4,완료,C0399
R01803,1일,B14,3-03,1,이용완료,C0044
R01804,10/1,B14,3-02,3,완료,C0548
R01805,2026-10-01,B15,1-03,2,완료,C0209
R01806,10/1,B15,1-04,2,이용완료,C0588
R01807,2026-10-01,B15,1-01,3,노쇼,C0173
R01808,2026-10-01,B15,1-03,2,완료,C0174
R01809,2026-10-01,B15,1-03,2,완료,C0158
R01810,2026-10-01,B15,1-04,4,완료,C0077
R01811,2026-10-01,B15,1-01,2,완료,C0418
R01812,10/1,B15,1-04,4,완료,C0339
R01813,2026-10-01,B15,1-03,2,완료,C0330
R01814,2026-10-01,B16,2-01,2,완료,C0189
R01815,2026-10-01,B16,2-01,4,취소,C0525
R01816,2026-10-01,B16,2-01,2,이용완료,C0232
R01817,1일,B16,2-04,4,완료,C0379
R01818,2026-10-01,B16,2-03,4,완료,C0512
R01819,2026-10-01,B16,2-01,1,완료,C0548
R01820,2026-10-01,B16,2-03,2,이용완료,C0253
R01821,2026-10-01,B16,2-04,2,done,C0344
R01822,2026-10-01,B16,2-03,4,취소,C0548
R01823,1일,B16,2-03,1,완료,C0432
R01824,2026-10-01,B16,2-03,3,노쇼,C0305
R01825,2026-10-01,B16,2-03,1,done,C0579
R01826,2026-10-01,B16,2-02,1,완료,C0319
R01827,2026-10-01,B17,3-04,2,완료,C0234
R01828,2026-10-01,B17,3-03,2,완료,C0081
R01829,10/1,B17,3-02,4,done,C0213
R01830,2026-10-01,B17,3-04,3,이용완료,C0529
R01831,2026-10-01,B17,3-02,4,완료,C0433
R01832,2026-10-01,B17,3-03,2,완료,C0375
R01833,2026-10-01,B18,1-02,4,완료,C0579
R01834,2026-10-01,B18,1-03,2,완료,C0405
R01835,2026-10-01,B18,1-02,4,완료,C0151
R01836,2026-10-01,B18,1-02,2,done,C0465
R01837,2026-10-01,B18,1-03,1,done,C0486
R01838,2026-10-01,B18,1-02,4,완료,C0039
R01839,10/1,B18,1-01,2,cancel,C0206
R01840,2026-10-01,B18,1-02,2,cancel,C0187
R01841,1일,B19,2-03,2,done,C0095
R01842,2026-10-01,B19,2-01,2,done,C0155
R01843,1일,B19,2-03,2,완료,C0166
R01844,2026-10-01,B19,2-01,4,완료,C0329
R01845,10/1,B19,2-01,1,취소 ,C0162
R01846,2026-10-01,B19,2-01,2,취소,C0449
R01847,2026-10-01,B19,2-04,2,완료,C0036
R01848,2026-10-01,B19,2-02,4,이용완료,C0178
R01849,2026-10-01,B19,2-01,4,이용완료,C0095
R01850,2026-10-01,B19,2-03,2,노쇼,C0158
R01851,1일,B19,2-02,4,cancel,C0018
R01852,2026-10-01,B20,3-04,1,이용완료,C0284
R01853,2026-10-01,B20,3-03,2,취소,C0159
R01854,2026-10-01,B20,3-01,1,취소,C0077
R01855,2026-10-01,B20,3-03,3,취소,C0459
R01856,2026-10-01,B20,3-04,3,완료,C0570
R01857,2026-10-01,B20,3-01,4,완료,C0366
R01858,2026-10-01,B20,3-04,2,취소,C0582
R01859,10/1,B20,3-02,4,이용완료,C0296
R01860,2026-10-01,B20,3-03,3,완료,C0485
R01861,1일,B20,3-04,2,완료,C0318
R01862,2026-10-02,B01,2-03,1,done,C0053
R01863,10/2,B01,2-04,2,취소,C0289
R01864,2일,B01,2-02,4,완료,C0324
R01865,10/2,B01,2-01,2,완료,C0367
R01866,10/2,B01,2-03,4,취소,C0572
R01867,10/2,B01,2-02,2,취소,C0290
R01868,2일,B01,2-01,3,완료,C0410
R01869,2일,B01,2-04,1,done,C0318
R01870,2일,B01,2-04,2,완료,C0493
R01871,2026-10-02,B02,3-02,2,done,C0145
R01872,2026-10-02,B02,3-01,2,완료,C0248
R01873,2026-10-02,B02,3-01,2,done,C0491
R01874,10/2,B02,3-02,2,이용완료,C0003
R01875,10/2,B02,3-01,2,완료,C0443
R01876,2일,B02,3-01,4,완료,C0519
R01877,2일,B02,3-02,1,done,C0305
R01878,2026-10-02,B02,3-04,2,완료,C0512
R01879,2일,B03,1-03,1,cancel,C0171
R01880,2일,B03,1-03,3,완료,C0104
R01881,10/2,B03,1-01,1,취소 ,C0332
R01882,10/2,B03,1-01,4,이용완료,C0105
R01883,2026-10-02,B03,1-01,4,완료,C0549
R01884,2026-10-02,B03,1-04,2,no-show,C0346
R01885,2026-10-02,B03,1-01,1,완료,C0495
R01886,2026-10-02,B03,1-03,1,완료,C0573
R01887,2026-10-02,B03,1-01,3,이용완료,C0195
R01888,2026-10-02,B03,1-01,4,노쇼,C0233
R01889,2026-10-02,B03,1-02,3,완료,C0498
R01890,2026-10-02,B03,1-03,2,완료,C0486
R01891,2026-10-02,B04,2-03,1,cancel,C0242
R01892,2일,B04,2-01,2,완료,C0193
R01893,2026-10-02,B04,2-04,2,완료,C0113
R01894,2026-10-02,B04,2-03,2,완료,C0569
R01895,2026-10-02,B04,2-03,4,완료,C0004
R01896,2026-10-02,B04,2-04,4,완료,C0250
R01897,2026-10-02,B04,2-03,2,취소,C0059
R01898,2026-10-02,B04,2-01,1,done,C0287
R01899,2026-10-02,B04,2-01,2,이용완료,C0100
R01900,10/2,B05,3-04,2,완료,C0436
R01901,10/2,B05,3-02,1,cancel,C0017
R01902,2026-10-02,B05,3-03,2,done,C0595
R01903,2026-10-02,B05,3-02,2,done,C0523
R01904,2026-10-02,B05,3-02,4,완료,C0127
R01905,10/2,B05,3-01,4,이용완료,C0272
R01906,2026-10-02,B05,3-02,3,완료,C0131
R01907,2026-10-02,B05,3-04,2,완료,C0364
R01908,2026-10-02,B05,3-02,2,완료,C0094
R01909,10/2,B05,3-02,2,done,C0368
R01910,2026-10-02,B05,3-02,2,done,C0518
R01911,2026-10-02,B05,3-02,4,done,C0474
R01912,2일,B05,3-04,2,완료,C0355
R01913,2026-10-02,B05,3-03,4,완료,C0546
R01914,2026-10-02,B06,1-03,2,이용완료,C0534
R01915,2026-10-02,B06,1-02,4,완료,C0146
R01916,2일,B06,1-03,4,no-show,C0169
R01917,10/2,B06,1-02,3,done,C0264
R01918,2026-10-02,B06,1-04,3,완료,C0007
R01919,2일,B06,1-01,4,완료,C0267
R01920,2026-10-02,B06,1-01,2,완료,C0133
R01921,2026-10-02,B06,1-01,4,done,C0507
R01922,2026-10-02,B06,1-04,4,취소,C0504
R01923,2026-10-02,B06,1-04,3,취소,C0446
R01924,2026-10-02,B06,1-01,4,done,C0027
R01925,2026-10-02,B06,1-02,2,완료,C0057
R01926,2026-10-02,B07,2-03,1,이용완료,C0250
R01927,2일,B07,2-02,3,done,C0516
R01928,2일,B07,2-01,2,이용완료,C0355
R01929,10/2,B07,2-02,4,완료,C0538
R01930,2026-10-02,B07,2-02,4,이용완료,C0167
R01931,2026-10-02,B07,2-02,2,완료,C0584
R01932,2026-10-02,B07,2-03,3,완료,C0296
R01933,2026-10-02,B07,2-03,4,완료,C0148
R01934,2026-10-02,B07,2-01,4,완료,C0318
R01935,2026-10-02,B07,2-01,1,완료,C0028
R01936,2일,B07,2-01,4,완료,C0059
R01937,2일,B07,2-04,2,완료,C0263
R01938,2026-10-02,B08,3-04,2,이용완료,C0245
R01939,2026-10-02,B08,3-03,2,완료,C0344
R01940,2026-10-02,B08,3-01,2,완료,C0598
R01941,2026-10-02,B08,3-02,4,완료,C0313
R01942,2026-10-02,B08,3-04,2,완료,C0073
R01943,2일,B08,3-03,2,완료,C0353
R01944,2일,B09,1-03,2,취소,C0535
R01945,2026-10-02,B09,1-01,1,완료,C0203
R01946,2026-10-02,B09,1-04,4,완료,C0326
R01947,2026-10-02,B09,1-03,1,완료,C0364
R01948,2026-10-02,B09,1-01,4,완료,C0590
R01949,10/2,B09,1-01,2,완료,C0590
R01950,2026-10-02,B09,1-01,2,이용완료,C0082
R01951,2026-10-02,B09,1-04,3,완료,C0340
R01952,2026-10-02,B09,1-04,2,완료,C0076
R01953,2026-10-02,B09,1-01,3,done,C0456
R01954,2026-10-02,B09,1-04,1,완료,C0210
R01955,2026-10-02,B09,1-01,2,완료,C0541
R01956,2026-10-02,B09,1-02,1,노쇼,C0533
R01957,2026-10-02,B10,2-02,3,취소,C0557
R01958,2026-10-02,B10,2-02,2,취소,C0246
R01959,2026-10-02,B10,2-03,2,취소,C0433
R01960,2026-10-02,B10,2-01,1,완료,C0316
R01961,2026-10-02,B10,2-03,3,완료,C0272
R01962,2026-10-02,B10,2-04,2,완료,C0115
R01963,10/2,B10,2-04,4,노쇼,C0322
R01964,2026-10-02,B10,2-02,2,완료,C0291
R01965,2일,B11,3-03,2,취소,C0520
R01966,2일,B11,3-01,2,취소,C0243
R01967,2026-10-02,B11,3-02,2,완료,C0549
R01968,2026-10-02,B11,3-01,4,완료,C0374
R01969,2일,B11,3-01,1,취소,C0033
R01970,2026-10-02,B11,3-04,2,완료,C0215
R01971,2일,B11,3-02,1,이용완료,C0005
R01972,10/2,B11,3-02,1,완료,C0273
R01973,2026-10-02,B11,3-01,3,완료,C0416
R01974,2026-10-02,B11,3-03,1,취소 ,C0485
R01975,10/2,B11,3-01,2,완료,C0106
R01976,2026-10-02,B12,1-03,2,완료,C0447
R01977,2일,B12,1-04,3,완료,C0504
R01978,10/2,B12,1-02,2,done,C0105
R01979,2일,B12,1-01,2,완료,C0533
R01980,2026-10-02,B12,1-04,3,완료,C0227
R01981,2026-10-02,B12,1-03,4,완료,C0052
R01982,2026-10-02,B12,1-02,4,완료,C0442
R01983,2일,B13,2-04,4,done,C0186
R01984,2026-10-02,B13,2-03,4,완료,C0149
R01985,10/2,B13,2-02,3,완료,C0344
R01986,2026-10-02,B13,2-01,1,완료,C0136
R01987,2026-10-02,B13,2-04,2,완료,C0141
R01988,10/2,B13,2-02,2,취소됨,C0420
R01989,2026-10-02,B13,2-03,4,이용완료,C0107
R01990,2026-10-02,B13,2-01,4,완료,C0079
R01991,2026-10-02,B13,2-04,4,완료,C0560
R01992,2026-10-02,B14,3-04,2,완료,C0228
R01993,2일,B14,3-02,2,done,C0034
R01994,2026-10-02,B14,3-02,3,완료,C0322
R01995,2026-10-02,B14,3-04,1,완료,C0306
R01996,2026-10-02,B14,3-03,2,완료,C0191
R01997,2026-10-02,B14,3-02,1,완료,C0532
R01998,10/2,B14,3-01,1,완료,C0036
R01999,2026-10-02,B14,3-03,4,완료,C0251
R02000,2일,B14,3-01,2,완료,C0513
R02001,2일,B14,3-03,2,done,C0327
R02002,10/2,B15,1-04,2,완료,C0319
R02003,2026-10-02,B15,1-04,2,취소,C0268
R02004,2026-10-02,B15,1-03,4,완료,C0095
R02005,2026-10-02,B15,1-04,2,이용완료,C0184
R02006,2026-10-02,B15,1-02,1,완료,C0380
R02007,2026-10-02,B15,1-02,4,이용완료,C0378
R02008,2026-10-02,B15,1-01,4,done,C0446
R02009,2026-10-02,B15,1-02,3,완료,C0353
R02010,2026-10-02,B16,2-04,3,완료,C0319
R02011,2026-10-02,B16,2-02,1,취소,C0312
R02012,2026-10-02,B16,2-03,1,노쇼,C0460
R02013,2026-10-02,B16,2-03,2,완료,C0074
R02014,2026-10-02,B16,2-02,2,완료,C0488
R02015,10/2,B16,2-02,1,done,C0048
R02016,2026-10-02,B16,2-03,4,완료,C0057
R02017,2026-10-02,B17,3-04,1,완료,C0436
R02018,2026-10-02,B17,3-04,2,done,C0237
R02019,2026-10-02,B17,3-02,2,완료,C0161
R02020,2026-10-02,B17,3-02,2,완료,C0564
R02021,2026-10-02,B17,3-03,4,완료,C0522
R02022,2026-10-02,B17,3-03,2,완료,C0521
R02023,2026-10-02,B17,3-01,2,완료,C0556
R02024,10/2,B17,3-03,4,cancel,C0384
R02025,2일,B17,3-02,2,완료,C0169
R02026,2026-10-02,B17,3-01,2,완료,C0006
R02027,2026-10-02,B17,3-04,2,완료,C0450
R02028,2026-10-02,B17,3-02,2,취소 ,C0374
R02029,2026-10-02,B17,3-04,3,이용완료,C0020
R02030,2026-10-02,B17,3-03,2,이용완료,C0568
R02031,2026-10-02,B18,1-04,1,취소,C0582
R02032,2일,B18,1-02,2,취소,C0517
R02033,2026-10-02,B18,1-01,2,완료,C0357
R02034,2026-10-02,B18,1-02,2,done,C0467
R02035,2026-10-02,B18,1-03,2,done,C0568
R02036,2026-10-02,B18,1-02,2,취소,C0567
R02037,2일,B18,1-02,1,완료,C0390
R02038,2일,B18,1-03,4,취소,C0144
R02039,2일,B19,2-04,2,이용완료,C0437
R02040,2026-10-02,B19,2-04,4,완료,C0270
R02041,2026-10-02,B19,2-03,4,노쇼,C0282
R02042,2026-10-02,B19,2-01,2,완료,C0160
R02043,10/2,B19,2-02,3,done,C0522
R02044,2026-10-02,B19,2-01,1,완료,C0547
R02045,2026-10-02,B19,2-04,3,노쇼,C0280
R02046,2일,B19,2-03,2,done,C0357
R02047,2026-10-02,B20,3-04,2,이용완료,C0235
R02048,2026-10-02,B20,3-03,3,완료,C0503
R02049,2026-10-02,B20,3-02,1,완료,C0476
R02050,2026-10-02,B20,3-02,2,취소 ,C0525
R02051,2026-10-02,B20,3-02,1,완료,C0546
R02052,2026-10-02,B20,3-02,1,완료,C0370
R02053,2026-10-02,B20,3-04,1,완료,C0391
R02054,10/2,B20,3-04,2,완료,C0527
R02055,2026-10-02,B20,3-02,1,done,C0022
R02056,2026-10-02,B20,3-03,3,완료,C0015
R02057,2026-10-03,B01,2-02,1,취소,C0235
R02058,2026-10-03,B01,2-03,3,완료,C0296
R02059,3일,B01,2-03,3,완료,C0459
R02060,10/3,B01,2-02,4,취소,C0461
R02061,3일,B01,2-02,3,이용완료,C0374
R02062,2026-10-03,B01,2-02,3,완료,C0146
R02063,10/3,B01,2-01,2,완료,C0005
R02064,2026-10-03,B01,2-04,3,done,C0454
R02065,2026-10-03,B01,2-02,4,완료,C0219
R02066,2026-10-03,B01,2-02,3,완료,C0242
R02067,2026-10-03,B01,2-03,1,완료,C0121
R02068,10/3,B01,2-01,1,완료,C0298
R02069,2026-10-03,B01,2-01,2,완료,C0467
R02070,3일,B01,2-04,2,완료,C0302
R02071,3일,B02,3-02,3,완료,C0536
R02072,2026-10-03,B02,3-04,2,완료,C0138
R02073,3일,B02,3-04,4,done,C0572
R02074,2026-10-03,B02,3-02,2,완료,C0219
R02075,2026-10-03,B02,3-02,4,완료,C0051
R02076,3일,B02,3-04,1,done,C0507
R02077,2026-10-03,B02,3-01,2,done,C0174
R02078,2026-10-03,B02,3-04,2,완료,C0091
R02079,2026-10-03,B02,3-04,2,완료,C0269
R02080,10/3,B02,3-02,2,완료,C0178
R02081,2026-10-03,B02,3-01,3,완료,C0225
R02082,2026-10-03,B02,3-04,2,완료,C0299
R02083,10/3,B02,3-03,1,이용완료,C0016
R02084,2026-10-03,B03,1-04,1,완료,C0187
R02085,2026-10-03,B03,1-01,3,취소,C0142
R02086,2026-10-03,B03,1-02,2,완료,C0576
R02087,2026-10-03,B03,1-03,3,완료,C0417
R02088,3일,B03,1-01,1,완료,C0207
R02089,3일,B03,1-02,1,완료,C0314
R02090,10/3,B03,1-04,3,노쇼,C0469
R02091,2026-10-03,B03,1-01,3,완료,C0527
R02092,2026-10-03,B03,1-04,3,done,C0435
R02093,10/3,B03,1-04,2,이용완료,C0261
R02094,2026-10-03,B04,2-02,2,완료,C0220
R02095,2026-10-03,B04,2-04,2,완료,C0464
R02096,2026-10-03,B04,2-03,3,완료,C0415
R02097,2026-10-03,B04,2-02,4,완료,C0221
R02098,2026-10-03,B04,2-02,4,완료,C0125
R02099,2026-10-03,B04,2-01,2,완료,C0229
R02100,10/3,B04,2-02,3,완료,C0049
R02101,10/3,B05,3-01,4,완료,C0355
R02102,3일,B05,3-02,1,완료,C0067
R02103,2026-10-03,B05,3-02,3,취소,C0045
R02104,2026-10-03,B05,3-03,3,취소,C0075
R02105,2026-10-03,B05,3-04,1,취소,C0267
R02106,2026-10-03,B05,3-01,2,no-show,C0254
R02107,10/3,B05,3-01,3,완료,C0287
R02108,2026-10-03,B05,3-02,3,취소,C0314
R02109,2026-10-03,B05,3-02,2,완료,C0561
R02110,2026-10-03,B05,3-01,2,완료,C0081
R02111,2026-10-03,B05,3-02,1,done,C0596
R02112,2026-10-03,B05,3-01,1,완료,C0244
R02113,2026-10-03,B05,3-02,2,취소,C0351
R02114,3일,B06,1-04,3,cancel,C0078
R02115,2026-10-03,B06,1-02,4,완료,C0383
R02116,2026-10-03,B06,1-04,3,완료,C0516
R02117,10/3,B06,1-01,2,이용완료,C0379
R02118,3일,B06,1-02,3,노쇼,C0387
R02119,3일,B06,1-04,2,완료,C0471
R02120,2026-10-03,B06,1-04,4,이용완료,C0227
R02121,2026-10-03,B07,2-01,4,완료,C0103
R02122,10/3,B07,2-01,4,노쇼,C0290
R02123,2026-10-03,B07,2-02,4,완료,C0356
R02124,2026-10-03,B07,2-02,2,완료,C0165
R02125,2026-10-03,B07,2-02,3,done,C0008
R02126,2026-10-03,B07,2-02,2,완료,C0293
R02127,2026-10-03,B07,2-03,3,완료,C0451
R02128,2026-10-03,B08,3-03,3,취소,C0360
R02129,2026-10-03,B08,3-03,2,완료,C0037
R02130,2026-10-03,B08,3-03,4,이용완료,C0269
R02131,2026-10-03,B08,3-04,4,이용완료,C0027
R02132,2026-10-03,B08,3-02,3,완료,C0457
R02133,2026-10-03,B08,3-03,2,완료,C0230
R02134,2026-10-03,B09,1-02,1,no-show,C0294
R02135,2026-10-03,B09,1-04,3,완료,C0487
R02136,3일,B09,1-03,2,완료,C0132
R02137,2026-10-03,B09,1-01,2,취소,C0417
R02138,2026-10-03,B09,1-01,3,완료,C0528
R02139,10/3,B09,1-01,3,완료,C0041
R02140,2026-10-03,B09,1-01,4,취소,C0599
R02141,2026-10-03,B09,1-03,1,완료,C0265
R02142,10/3,B09,1-04,3,취소,C0381
R02143,2026-10-03,B09,1-02,2,완료,C0112
R02144,2026-10-03,B09,1-01,1,done,C0218
R02145,2026-10-03,B10,2-01,3,취소 ,C0302
R02146,2026-10-03,B10,2-03,1,완료,C0591
R02147,10/3,B10,2-03,1,이용완료,C0346
R02148,3일,B10,2-02,1,완료,C0585
R02149,2026-10-03,B10,2-03,2,완료,C0331
R02150,2026-10-03,B10,2-04,4,이용완료,C0466
R02151,10/3,B10,2-04,2,완료,C0463
R02152,2026-10-03,B11,3-02,4,노쇼,C0530
R02153,3일,B11,3-03,2,노쇼,C0543
R02154,2026-10-03,B11,3-02,2,완료,C0028
R02155,2026-10-03,B11,3-04,1,완료,C0004
R02156,10/3,B11,3-01,2,완료,C0562
R02157,3일,B11,3-03,2,이용완료,C0586
R02158,3일,B11,3-04,3,취소,C0157
R02159,2026-10-03,B11,3-04,2,완료,C0372
R02160,10/3,B11,3-01,1,취소됨,C0256
R02161,10/3,B11,3-04,2,이용완료,C0443
R02162,2026-10-03,B11,3-03,1,취소 ,C0117
R02163,10/3,B11,3-01,3,완료,C0422
R02164,2026-10-03,B11,3-03,2,완료,C0127
R02165,10/3,B12,1-03,4,완료,C0256
R02166,2026-10-03,B12,1-03,3,완료,C0039
R02167,2026-10-03,B12,1-04,2,완료,C0260
R02168,2026-10-03,B12,1-02,2,이용완료,C0357
R02169,2026-10-03,B12,1-02,2,완료,C0444
R02170,3일,B12,1-03,2,완료,C0327
R02171,2026-10-03,B12,1-02,2,완료,C0349
R02172,2026-10-03,B12,1-01,2,취소,C0418
R02173,2026-10-03,B12,1-01,1,완료,C0534
R02174,2026-10-03,B12,1-01,3,완료,C0414
R02175,2026-10-03,B12,1-01,2,취소,C0583
R02176,2026-10-03,B12,1-04,1,완료,C0565
R02177,2026-10-03,B12,1-02,1,완료,C0092
R02178,3일,B12,1-02,4,완료,C0066
R02179,2026-10-03,B13,2-01,1,완료,C0464
R02180,10/3,B13,2-01,2,이용완료,C0357
R02181,2026-10-03,B13,2-03,2,done,C0080
R02182,2026-10-03,B13,2-03,4,완료,C0146
R02183,2026-10-03,B13,2-03,2,done,C0600
R02184,10/3,B13,2-04,4,이용완료,C0408
R02185,2026-10-03,B13,2-03,1,완료,C0234
R02186,2026-10-03,B14,3-04,2,완료,C0342
R02187,3일,B14,3-04,2,완료,C0431
R02188,2026-10-03,B14,3-03,2,완료,C0053
R02189,2026-10-03,B14,3-04,2,완료,C0031
R02190,2026-10-03,B14,3-03,4,노쇼,C0447
R02191,2026-10-03,B14,3-01,1,취소됨,C0010
R02192,3일,B14,3-04,3,취소,C0094
R02193,2026-10-03,B14,3-03,2,완료,C0200
R02194,2026-10-03,B14,3-02,2,완료,C0090
R02195,2026-10-03,B14,3-02,1,완료,C0337
R02196,2026-10-03,B14,3-02,2,이용완료,C0295
R02197,2026-10-03,B15,1-02,1,취소됨,C0561
R02198,10/3,B15,1-02,3,완료,C0216
R02199,2026-10-03,B15,1-02,4,완료,C0137
R02200,3일,B15,1-02,2,done,C0399
R02201,3일,B15,1-03,3,이용완료,C0073
R02202,3일,B15,1-04,2,완료,C0282
R02203,2026-10-03,B15,1-02,2,no-show,C0057
R02204,3일,B15,1-02,3,완료,C0351
R02205,2026-10-03,B16,2-02,4,완료,C0353
R02206,3일,B16,2-01,4,취소,C0167
R02207,2026-10-03,B16,2-02,3,이용완료,C0102
R02208,2026-10-03,B16,2-03,3,취소,C0544
R02209,2026-10-03,B16,2-04,2,이용완료,C0092
R02210,2026-10-03,B16,2-02,1,취소,C0021
R02211,2026-10-03,B16,2-02,4,이용완료,C0127
R02212,2026-10-03,B16,2-04,4,done,C0351
R02213,2026-10-03,B16,2-02,4,완료,C0435
R02214,2026-10-03,B16,2-02,4,완료,C0557
R02215,10/3,B16,2-02,3,완료,C0209
R02216,2026-10-03,B17,3-04,2,완료,C0356
R02217,2026-10-03,B17,3-02,1,완료,C0109
R02218,2026-10-03,B17,3-01,2,취소,C0131
R02219,2026-10-03,B17,3-01,3,완료,C0009
R02220,3일,B17,3-02,1,완료,C0316
R02221,2026-10-03,B17,3-03,3,취소,C0298
R02222,2026-10-03,B17,3-02,2,취소 ,C0267
R02223,2026-10-03,B17,3-02,1,이용완료,C0565
R02224,2026-10-03,B17,3-02,2,취소,C0419
R02225,3일,B18,1-03,3,완료,C0489
R02226,2026-10-03,B18,1-04,4,완료,C0179
R02227,2026-10-03,B18,1-02,3,완료,C0014
R02228,3일,B18,1-02,4,이용완료,C0197
R02229,2026-10-03,B18,1-03,3,no-show,C0093
R02230,2026-10-03,B18,1-02,2,취소,C0013
R02231,2026-10-03,B18,1-04,2,노쇼,C0323
R02232,2026-10-03,B18,1-01,2,완료,C0287
R02233,3일,B18,1-01,4,done,C0295
R02234,2026-10-03,B18,1-04,4,완료,C0031
R02235,3일,B18,1-04,3,취소 ,C0390
R02236,2026-10-03,B19,2-03,3,완료,C0107
R02237,2026-10-03,B19,2-03,4,완료,C0323
R02238,2026-10-03,B19,2-04,1,완료,C0599
R02239,10/3,B19,2-04,1,이용완료,C0224
R02240,2026-10-03,B19,2-03,2,완료,C0234
R02241,2026-10-03,B19,2-03,4,완료,C0205
R02242,3일,B19,2-04,3,완료,C0167
R02243,2026-10-03,B19,2-03,2,done,C0304
R02244,10/3,B20,3-02,2,완료,C0139
R02245,2026-10-03,B20,3-04,4,완료,C0590
R02246,2026-10-03,B20,3-02,3,이용완료,C0001
R02247,2026-10-03,B20,3-01,2,이용완료,C0044
R02248,2026-10-03,B20,3-04,2,완료,C0585
R02249,2026-10-03,B20,3-02,3,done,C0293
R02250,2026-10-03,B20,3-01,2,이용완료,C0033
R02251,2026-10-04,B01,2-04,3,예약됨,C0369
R02252,2026-10-04,B01,2-01,4,취소 ,C0234
R02253,2026-10-04,B01,2-04,3,예약됨,C0227
R02254,2026-10-04,B01,2-02,3,예약,C0583
R02255,4일,B01,2-03,4,예약,C0035
R02256,2026-10-04,B01,2-02,2,예약,C0370
R02257,10/4,B02,3-01,1,노쇼,C0254
R02258,2026-10-04,B02,3-04,2,예약됨,C0161
R02259,10/4,B02,3-01,2,예약,C0272
R02260,2026-10-04,B02,3-02,4,예약됨,C0087
R02261,2026-10-04,B02,3-01,1,예약,C0293
R02262,2026-10-04,B02,3-04,1,예약,C0408
R02263,2026-10-04,B02,3-04,2,취소,C0449
R02264,2026-10-04,B02,3-04,2,예약됨,C0185
R02265,4일,B02,3-01,2,예약됨,C0283
R02266,4일,B02,3-02,1,예약됨,C0303
R02267,2026-10-04,B02,3-03,2,예약,C0099
R02268,2026-10-04,B03,1-02,4,취소,C0163
R02269,2026-10-04,B03,1-02,1,예약,C0328
R02270,10/4,B03,1-01,1,예약됨,C0201
R02271,2026-10-04,B03,1-04,3,예약,C0519
R02272,2026-10-04,B03,1-04,1,no-show,C0303
R02273,2026-10-04,B03,1-04,2,예약,C0243
R02274,10/4,B03,1-02,3,예약,C0399
R02275,2026-10-04,B03,1-01,4,예약,C0206
R02276,2026-10-04,B03,1-02,4,예약,C0560
R02277,4일,B03,1-03,4,예약,C0025
R02278,2026-10-04,B03,1-04,2,취소,C0298
R02279,2026-10-04,B03,1-02,2,예약,C0533
R02280,10/4,B04,2-03,4,예약,C0401
R02281,2026-10-04,B04,2-03,3,예약,C0157
R02282,2026-10-04,B04,2-01,2,예약됨,C0235
R02283,10/4,B04,2-04,2,예약됨,C0340
R02284,2026-10-04,B04,2-02,2,예약됨,C0224
R02285,2026-10-04,B04,2-01,2,노쇼,C0426
R02286,10/4,B04,2-02,4,예약됨,C0174
R02287,10/4,B04,2-02,3,예약,C0097
R02288,2026-10-04,B04,2-01,2,예약,C0528
R02289,2026-10-04,B04,2-04,3,취소,C0587
R02290,2026-10-04,B04,2-04,2,예약됨,C0116
R02291,10/4,B04,2-02,2,예약됨,C0211
R02292,10/4,B04,2-03,1,예약,C0014
R02293,10/4,B04,2-02,2,예약,C0361
R02294,2026-10-04,B05,3-02,2,예약,C0476
R02295,4일,B05,3-02,3,취소,C0553
R02296,2026-10-04,B05,3-02,4,취소,C0058
R02297,2026-10-04,B05,3-02,2,예약,C0119
R02298,10/4,B05,3-04,2,예약,C0290
R02299,4일,B05,3-03,2,예약됨,C0357
R02300,2026-10-04,B06,1-01,3,예약,C0406
R02301,10/4,B06,1-03,2,예약,C0171
R02302,2026-10-04,B06,1-04,2,예약,C0089
R02303,2026-10-04,B06,1-03,2,예약,C0122
R02304,2026-10-04,B06,1-04,2,예약,C0495
R02305,2026-10-04,B06,1-02,4,예약됨,C0449
R02306,2026-10-04,B06,1-03,4,예약,C0582
R02307,2026-10-04,B06,1-02,2,취소,C0549
R02308,2026-10-04,B06,1-03,2,예약됨,C0509
R02309,2026-10-04,B07,2-03,4,취소,C0064
R02310,2026-10-04,B07,2-01,4,예약됨,C0500
R02311,2026-10-04,B07,2-04,2,예약,C0152
R02312,10/4,B07,2-02,2,예약,C0333
R02313,4일,B07,2-03,3,노쇼,C0365
R02314,2026-10-04,B07,2-02,2,예약,C0526
R02315,2026-10-04,B07,2-03,2,예약,C0395
R02316,4일,B07,2-01,4,예약,C0582
R02317,4일,B07,2-03,1,예약됨,C0350
R02318,2026-10-04,B08,3-01,2,예약됨,C0559
R02319,4일,B08,3-01,4,예약됨,C0380
R02320,4일,B08,3-01,2,예약,C0341
R02321,2026-10-04,B08,3-04,4,예약,C0037
R02322,10/4,B08,3-03,3,예약,C0309
R02323,10/4,B08,3-03,3,예약,C0508
R02324,2026-10-04,B08,3-02,4,예약,C0445
R02325,2026-10-04,B08,3-03,2,예약됨,C0269
R02326,2026-10-04,B08,3-01,4,예약,C0163
R02327,2026-10-04,B08,3-04,1,예약됨,C0099
R02328,2026-10-04,B08,3-02,2,예약됨,C0571
R02329,2026-10-04,B08,3-04,4,예약,C0406
R02330,2026-10-04,B08,3-01,4,예약,C0013
R02331,2026-10-04,B08,3-02,1,예약,C0225
R02332,2026-10-04,B09,1-04,4,예약,C0101
R02333,2026-10-04,B09,1-03,1,예약,C0026
R02334,10/4,B09,1-03,3,예약,C0426
R02335,10/4,B09,1-04,1,예약,C0024
R02336,2026-10-04,B09,1-04,2,예약,C0351
R02337,4일,B09,1-03,2,취소,C0548
R02338,4일,B09,1-01,1,예약,C0463
R02339,2026-10-04,B09,1-03,1,예약,C0078
R02340,2026-10-04,B09,1-02,4,노쇼,C0448
R02341,4일,B09,1-02,1,예약,C0229
R02342,2026-10-04,B09,1-01,2,취소,C0588
R02343,2026-10-04,B09,1-01,3,no-show,C0521
R02344,10/4,B09,1-04,1,취소,C0325
R02345,4일,B10,2-03,2,예약,C0172
R02346,4일,B10,2-03,2,취소,C0532
R02347,2026-10-04,B10,2-04,3,예약,C0595
R02348,2026-10-04,B10,2-02,2,취소,C0565
R02349,2026-10-04,B10,2-04,3,예약,C0143
R02350,2026-10-04,B10,2-02,2,예약,C0501
R02351,2026-10-04,B10,2-02,2,예약됨,C0595
R02352,2026-10-04,B10,2-01,2,예약,C0591
R02353,2026-10-04,B10,2-04,4,예약,C0157
R02354,2026-10-04,B10,2-04,2,예약,C0582
R02355,2026-10-04,B10,2-04,2,예약,C0037
R02356,2026-10-04,B10,2-03,1,예약,C0570
R02357,2026-10-04,B10,2-01,2,예약,C0031
R02358,2026-10-04,B10,2-04,1,예약,C0296
R02359,4일,B11,3-03,3,cancel,C0172
R02360,4일,B11,3-01,4,예약됨,C0114
R02361,2026-10-04,B11,3-04,4,예약,C0366
R02362,10/4,B11,3-04,2,예약됨,C0320
R02363,10/4,B11,3-02,2,취소,C0336
R02364,2026-10-04,B11,3-03,2,예약,C0090
R02365,10/4,B12,1-01,3,예약,C0378
R02366,2026-10-04,B12,1-02,2,예약,C0104
R02367,4일,B12,1-02,4,예약,C0365
R02368,10/4,B12,1-01,3,예약,C0509
R02369,10/4,B12,1-02,2,예약됨,C0545
R02370,2026-10-04,B12,1-04,3,예약,C0470
R02371,2026-10-04,B12,1-03,1,예약,C0595
R02372,2026-10-04,B12,1-02,2,예약,C0252
R02373,4일,B12,1-02,2,예약됨,C0354
R02374,4일,B12,1-04,2,예약,C0525
R02375,2026-10-04,B12,1-04,3,예약,C0579
R02376,2026-10-04,B12,1-01,2,예약,C0165
R02377,2026-10-04,B12,1-01,2,취소됨,C0339
R02378,4일,B13,2-03,3,예약,C0422
R02379,2026-10-04,B13,2-04,3,예약,C0151
R02380,2026-10-04,B13,2-04,2,예약됨,C0551
R02381,2026-10-04,B13,2-01,1,예약,C0136
R02382,2026-10-04,B13,2-03,2,예약,C0108
R02383,2026-10-04,B13,2-04,2,예약됨,C0160
R02384,2026-10-04,B13,2-03,1,예약됨,C0265
R02385,2026-10-04,B13,2-03,4,예약,C0564
R02386,10/4,B13,2-04,1,예약,C0119
R02387,10/4,B13,2-04,2,예약,C0316
R02388,2026-10-04,B13,2-01,4,예약,C0088
R02389,2026-10-04,B13,2-03,2,예약,C0394
R02390,2026-10-04,B14,3-04,2,cancel,C0076
R02391,2026-10-04,B14,3-02,1,예약됨,C0422
R02392,10/4,B14,3-04,1,예약,C0008
R02393,10/4,B14,3-04,2,예약,C0355
R02394,2026-10-04,B14,3-02,2,취소 ,C0047
R02395,10/4,B14,3-01,1,예약,C0412
R02396,10/4,B14,3-01,4,예약,C0303
R02397,2026-10-04,B14,3-02,3,예약,C0254
R02398,4일,B14,3-03,2,예약,C0381
R02399,2026-10-04,B15,1-01,1,예약,C0302
R02400,2026-10-04,B15,1-04,3,예약,C0044
R02401,2026-10-04,B15,1-03,3,예약,C0560
R02402,2026-10-04,B15,1-01,2,예약됨,C0064
R02403,2026-10-04,B15,1-01,3,예약,C0489
R02404,4일,B15,1-03,1,노쇼,C0327
R02405,4일,B15,1-04,4,예약됨,C0542
R02406,2026-10-04,B15,1-03,4,예약,C0233
R02407,2026-10-04,B15,1-02,4,노쇼,C0173
R02408,2026-10-04,B15,1-01,4,노쇼,C0435
R02409,2026-10-04,B15,1-03,1,예약,C0135
R02410,2026-10-04,B16,2-03,1,예약,C0558
R02411,2026-10-04,B16,2-04,2,예약,C0284
R02412,2026-10-04,B16,2-04,3,예약,C0116
R02413,10/4,B16,2-01,1,예약,C0030
R02414,2026-10-04,B16,2-04,4,예약,C0440
R02415,2026-10-04,B16,2-02,2,예약됨,C0137
R02416,10/4,B16,2-01,1,예약됨,C0195
R02417,2026-10-04,B16,2-01,3,예약,C0456
R02418,2026-10-04,B16,2-04,4,취소,C0205
R02419,2026-10-04,B16,2-04,4,취소,C0546
R02420,10/4,B16,2-01,1,취소,C0206
R02421,2026-10-04,B16,2-03,1,예약,C0337
R02422,2026-10-04,B16,2-02,2,예약,C0293
R02423,10/4,B16,2-03,4,예약,C0457
R02424,2026-10-04,B17,3-04,2,취소,C0245
R02425,2026-10-04,B17,3-04,2,예약,C0308
R02426,2026-10-04,B17,3-03,1,예약됨,C0249
R02427,2026-10-04,B17,3-04,1,예약,C0510
R02428,2026-10-04,B17,3-01,4,예약됨,C0066
R02429,2026-10-04,B17,3-02,2,취소,C0496
R02430,10/4,B17,3-03,2,예약,C0471
R02431,2026-10-04,B17,3-03,4,예약,C0492
R02432,2026-10-04,B17,3-01,3,예약됨,C0511
R02433,4일,B17,3-04,1,예약됨,C0473
R02434,10/4,B17,3-03,3,예약됨,C0593
R02435,2026-10-04,B17,3-03,3,예약됨,C0548
R02436,10/4,B17,3-02,3,예약됨,C0121
R02437,4일,B18,1-03,4,예약됨,C0390
R02438,4일,B18,1-03,1,취소,C0458
R02439,2026-10-04,B18,1-02,3,예약,C0051
R02440,2026-10-04,B18,1-02,2,예약,C0278
R02441,10/4,B18,1-01,2,취소,C0004
R02442,2026-10-04,B18,1-03,1,예약,C0136
R02443,2026-10-04,B18,1-02,1,예약,C0180
R02444,2026-10-04,B18,1-03,1,예약,C0539
R02445,2026-10-04,B19,2-01,1,예약됨,C0421
R02446,2026-10-04,B19,2-03,4,예약됨,C0189
R02447,4일,B19,2-02,3,예약,C0372
R02448,2026-10-04,B19,2-01,3,취소됨,C0563
R02449,2026-10-04,B19,2-01,2,예약,C0571
R02450,10/4,B19,2-01,1,예약,C0142
R02451,2026-10-04,B20,3-01,3,예약,C0505
R02452,2026-10-04,B20,3-02,3,취소,C0518
R02453,10/4,B20,3-03,2,예약,C0574
R02454,2026-10-04,B20,3-01,3,예약,C0364
R02455,2026-10-04,B20,3-03,2,취소,C0512
R02456,10/4,B20,3-01,3,예약됨,C0414
R02457,2026-10-04,B20,3-01,4,예약,C0075
R02458,2026-10-04,B20,3-02,2,예약됨,C0154
R02459,2026-10-04,B20,3-03,2,예약,C0015
R02460,2026-10-04,B20,3-04,4,노쇼,C0049
