branch,wave,rooms
B01,1,2-01 2-02 2-03 2-04
B02,1,3-01 3-02 3-03 3-04
B03,1,1-01 1-02 1-03 1-04
B04,1,2-01 2-02 2-03 2-04
B05,1,3-01 3-02 3-03 3-04
B06,1,1-01 1-02 1-03 1-04
B07,1,2-01 2-02 2-03 2-04
B08,1,3-01 3-02 3-03 3-04
B09,1,1-01 1-02 1-03 1-04
B10,1,2-01 2-02 2-03 2-04
B11,1,3-01 3-02 3-03 3-04
B12,1,1-01 1-02 1-03 1-04
B13,1,2-01 2-02 2-03 2-04
B14,1,3-01 3-02 3-03 3-04
B15,1,1-01 1-02 1-03 1-04
B16,2,2-01 2-02 2-03 2-04
B17,2,3-01 3-02 3-03 3-04
B18,2,1-01 1-02 1-03 1-04
B19,2,2-01 2-02 2-03 2-04
B20,2,3-01 3-02 3-03 3-04
