날짜,id,점검,내 답(예/아니오/해당 없음),근거(파일·화면·문서 주소),메모
2026-10-10(예시),c4_month_cost,내 사용량으로 한 달 서버비를 계산해 두었다,(직접 적기),(직접 적기),4장 가상 사용량 참고값: 판단표대로 26.58달러 / 미리보기까지 서버 167.51달러
2026-10-10(예시),c5_free_tier_month,무료 한도가 넘치는 달과 상업적 사용 첫 달 비용을 계산했다,(직접 적기),(직접 적기),5장 참고값: 월 사용자 100명이면 6달째 저장 공간이 넘침 / 상업적 사용 첫 달 최소 45달러
2026-10-10(예시),c5_pause,무료 프로젝트 일시 정지에 대비했다,(직접 적기),(직접 적기),5장 모형: 주말 행사용 앱은 9일째부터 위험
2026-10-10(예시),c6_path_choice,필요한 조건을 적고 모두 만족하는 포장 길을 골랐다,(직접 적기),(직접 적기),6장 사례 E처럼 맞는 길이 없으면 조건을 하나 내려놓아요
2026-10-10(예시),c7_signing_human,서명 키 사람 항목 4개에 답했다,(직접 적기),(직접 적기),두 곳 백업·지문 기록·담당자·릴리스 키 서명
2026-10-10(예시),c8_target_platform,첫 출시 플랫폼을 내 사용자의 기기 기준으로 골랐다,(직접 적기),(직접 적기),8장 /tracks/webapp/08-platform-choice.html
2026-10-10(예시),c8_store_fee,스토어 수수료를 판매 방식·지역에 맞춰 계산했다,(직접 적기),(직접 적기),애플 Small Business 15% / 구글 첫 100만 달러 15%(일부 지역 구독은 10%+5%)
2026-10-10(예시),c8_account_cost,개발자 계정·장비 비용을 예산에 넣었다,(직접 적기),(직접 적기),애플 연 99달러 / 구글 한 번 25달러
2026-10-10(예시),c8_play_closed_test,구글 플레이 개인 계정 비공개 테스트 요건을 일정에 넣었다,(직접 적기),(직접 적기),테스터 12명 이상·14일 연속
2026-10-10(예시),c9_backup_restore,사용자 카드·브랜드 설정을 백업하고 한 번 되살려 봤다,(직접 적기),(직접 적기),
2026-10-10(예시),c9_support_channel,문의·장애 공지 창구와 키 교체 절차를 적어 두었다,(직접 적기),(직접 적기),
